{
"type": "FeatureCollection",
"name": "vegetation_polygons",
"crs": { "type": "name", "properties": { "name": "urn:ogc:def:crs:OGC:1.3:CRS84" } },
"features": [
{ "type": "Feature", "properties": { "patch_id": "evc3_patch1", "evc_number": 3, "evc_name": "Damp Sands Herb-rich Woodland", "vegetation_type": "Woodlands and heathlands on sand", "hectares": 516.13, "bioregion": "Gippsland Plain", "bcs": "V", "bcs_desc": "Vulnerable" }, "geometry": { "type": "Polygon", "coordinates": [ [ [ 144.945301, -37.841291 ], [ 144.945424, -37.840261 ], [ 144.945361, -37.837473 ], [ 144.945836, -37.836913 ], [ 144.946215, -37.836752 ], [ 144.94801, -37.836353 ], [ 144.947841, -37.836121 ], [ 144.947296, -37.835942 ], [ 144.947431, -37.835703 ], [ 144.948042, -37.835511 ], [ 144.947955, -37.835188 ], [ 144.947509, -37.835079 ], [ 144.946325, -37.835308 ], [ 144.944938, -37.836258 ], [ 144.944169, -37.837072 ], [ 144.943946, -37.837677 ], [ 144.943908, -37.83845 ], [ 144.943678, -37.838361 ], [ 144.942195, -37.8367 ], [ 144.941452, -37.836632 ], [ 144.941668, -37.837346 ], [ 144.941531, -37.837642 ], [ 144.938898, -37.835982 ], [ 144.936968, -37.835639 ], [ 144.934751, -37.833767 ], [ 144.93325, -37.832965 ], [ 144.926997, -37.831499 ], [ 144.922457, -37.830121 ], [ 144.920595, -37.82995 ], [ 144.918858, -37.83 ], [ 144.917978, -37.830233 ], [ 144.91702, -37.830735 ], [ 144.91667, -37.8312 ], [ 144.916688, -37.831717 ], [ 144.918239, -37.833861 ], [ 144.91862, -37.834663 ], [ 144.918293, -37.835392 ], [ 144.91656, -37.835912 ], [ 144.914647, -37.836079 ], [ 144.910526, -37.835715 ], [ 144.906946, -37.83474 ], [ 144.905562, -37.833848 ], [ 144.904189, -37.831815 ], [ 144.904036, -37.830586 ], [ 144.904109, -37.82987 ], [ 144.904885, -37.828454 ], [ 144.90753, -37.824898 ], [ 144.908792, -37.822709 ], [ 144.909095, -37.821406 ], [ 144.908658, -37.817908 ], [ 144.909551, -37.813449 ], [ 144.909659, -37.811163 ], [ 144.910161, -37.810311 ], [ 144.91114, -37.809551 ], [ 144.912503, -37.809341 ], [ 144.912804, -37.809495 ], [ 144.912332, -37.811225 ], [ 144.912537, -37.811435 ], [ 144.913052, -37.811373 ], [ 144.914387, -37.810825 ], [ 144.915302, -37.809617 ], [ 144.916231, -37.810374 ], [ 144.917406, -37.811864 ], [ 144.918555, -37.812918 ], [ 144.918578, -37.813841 ], [ 144.918921, -37.814356 ], [ 144.919963, -37.814657 ], [ 144.920774, -37.814583 ], [ 144.92496, -37.817582 ], [ 144.926738, -37.818611 ], [ 144.928579, -37.819381 ], [ 144.930709, -37.819995 ], [ 144.932359, -37.82112 ], [ 144.932285, -37.821227 ], [ 144.932627, -37.821783 ], [ 144.935989, -37.824466 ], [ 144.936808, -37.825418 ], [ 144.937614, -37.826931 ], [ 144.93861, -37.828034 ], [ 144.941623, -37.829469 ], [ 144.945699, -37.83195 ], [ 144.946338, -37.83216 ], [ 144.947501349918184, -37.8320879947888 ], [ 144.949750962, -37.834098254 ], [ 144.94627183617726, -37.841459759943227 ], [ 144.945301, -37.841291 ] ], [ [ 144.911589, -37.815789 ], [ 144.916449, -37.813702 ], [ 144.916601, -37.81332 ], [ 144.916489, -37.813164 ], [ 144.915881, -37.813218 ], [ 144.9146, -37.813625 ], [ 144.914072, -37.813279 ], [ 144.913625, -37.813255 ], [ 144.91202, -37.81458 ], [ 144.91058, -37.815316 ], [ 144.910283, -37.815696 ], [ 144.910437, -37.81591 ], [ 144.911589, -37.815789 ] ], [ [ 144.91904, -37.819586 ], [ 144.919976, -37.820407 ], [ 144.920683, -37.820497 ], [ 144.920457, -37.819583 ], [ 144.919684, -37.818855 ], [ 144.919398, -37.818714 ], [ 144.918948, -37.818816 ], [ 144.918737, -37.819215 ], [ 144.91904, -37.819586 ] ], [ [ 144.918849, -37.820425 ], [ 144.917405, -37.819326 ], [ 144.917168, -37.819271 ], [ 144.916879, -37.819576 ], [ 144.916908, -37.820224 ], [ 144.917277, -37.820579 ], [ 144.918394, -37.82106 ], [ 144.919535, -37.82114 ], [ 144.919588, -37.821009 ], [ 144.918849, -37.820425 ] ], [ [ 144.913849, -37.822605 ], [ 144.916039, -37.823302 ], [ 144.916684, -37.823237 ], [ 144.915672, -37.822534 ], [ 144.912699, -37.821287 ], [ 144.912379, -37.821351 ], [ 144.912441, -37.821845 ], [ 144.913849, -37.822605 ] ], [ [ 144.926286, -37.822502 ], [ 144.927856, -37.823797 ], [ 144.929299, -37.824619 ], [ 144.929261, -37.824011 ], [ 144.9286, -37.822804 ], [ 144.927544, -37.821797 ], [ 144.926946, -37.821726 ], [ 144.926068, -37.821897 ], [ 144.926026, -37.822166 ], [ 144.926286, -37.822502 ] ], [ [ 144.924163, -37.82311 ], [ 144.925324, -37.823941 ], [ 144.92688, -37.825535 ], [ 144.927644, -37.825999 ], [ 144.927936, -37.825871 ], [ 144.928029, -37.82558 ], [ 144.927593, -37.824989 ], [ 144.924911, -37.82194 ], [ 144.924445, -37.821756 ], [ 144.922309, -37.82157 ], [ 144.922327, -37.822098 ], [ 144.923532, -37.822889 ], [ 144.924163, -37.82311 ] ], [ [ 144.920598, -37.823793 ], [ 144.927524, -37.827866 ], [ 144.928161, -37.828179 ], [ 144.92868, -37.828261 ], [ 144.928849, -37.828137 ], [ 144.928089, -37.827484 ], [ 144.922323, -37.823617 ], [ 144.919817, -37.82248 ], [ 144.91907, -37.822589 ], [ 144.919099, -37.822911 ], [ 144.919454, -37.823203 ], [ 144.920598, -37.823793 ] ], [ [ 144.931111, -37.826863 ], [ 144.932093, -37.828253 ], [ 144.933057, -37.829144 ], [ 144.934803, -37.830023 ], [ 144.93596, -37.830332 ], [ 144.936453, -37.830288 ], [ 144.936675, -37.830073 ], [ 144.936715, -37.829879 ], [ 144.936418, -37.829559 ], [ 144.934373, -37.827798 ], [ 144.933344, -37.82592 ], [ 144.932437, -37.825053 ], [ 144.931879, -37.824747 ], [ 144.931287, -37.824732 ], [ 144.930999, -37.824986 ], [ 144.930923, -37.826189 ], [ 144.931111, -37.826863 ] ], [ [ 144.919254, -37.826743 ], [ 144.920208, -37.827095 ], [ 144.922517, -37.828355 ], [ 144.924148, -37.828838 ], [ 144.925672, -37.829571 ], [ 144.928623, -37.830565 ], [ 144.929195, -37.830516 ], [ 144.928693, -37.829998 ], [ 144.92551, -37.828703 ], [ 144.924339, -37.827998 ], [ 144.923311, -37.827065 ], [ 144.92221, -37.826476 ], [ 144.920435, -37.82629 ], [ 144.915763, -37.824703 ], [ 144.915553, -37.824677 ], [ 144.915434, -37.824841 ], [ 144.915624, -37.825091 ], [ 144.916859, -37.825808 ], [ 144.919254, -37.826743 ] ], [ [ 144.907634, -37.833012 ], [ 144.910552, -37.832877 ], [ 144.910921, -37.832527 ], [ 144.910559, -37.832212 ], [ 144.908907, -37.83201 ], [ 144.906162, -37.83224 ], [ 144.905866, -37.832551 ], [ 144.906004, -37.832817 ], [ 144.906334, -37.832965 ], [ 144.907634, -37.833012 ] ], [ [ 144.912642, -37.832867 ], [ 144.912929, -37.833302 ], [ 144.914072, -37.833628 ], [ 144.914881, -37.833651 ], [ 144.915125, -37.833391 ], [ 144.913737, -37.832734 ], [ 144.913007, -37.832695 ], [ 144.912642, -37.832867 ] ] ] } },
{ "type": "Feature", "properties": { "patch_id": "evc3_patch2", "evc_number": 3, "evc_name": "Damp Sands Herb-rich Woodland", "vegetation_type": "Woodlands and heathlands on sand", "hectares": 57.92, "bioregion": "Gippsland Plain", "bcs": "V", "bcs_desc": "Vulnerable" }, "geometry": { "type": "Polygon", "coordinates": [ [ [ 144.959976, -37.82864 ], [ 144.958601, -37.828345 ], [ 144.95715, -37.828542 ], [ 144.955906, -37.829236 ], [ 144.954041496898924, -37.831009083782291 ], [ 144.953323987525636, -37.829451616228916 ], [ 144.954552, -37.828381 ], [ 144.954864, -37.82799 ], [ 144.954862, -37.827715 ], [ 144.951317, -37.828543 ], [ 144.951162, -37.828695 ], [ 144.951368105895284, -37.829077942745471 ], [ 144.94959178000002, -37.830168118 ], [ 144.947067411171162, -37.827483958467887 ], [ 144.948092, -37.82683 ], [ 144.949855, -37.826201 ], [ 144.950403, -37.825595 ], [ 144.951277, -37.825269 ], [ 144.951842, -37.825598 ], [ 144.952316, -37.826401 ], [ 144.951826, -37.827002 ], [ 144.951749, -37.82758 ], [ 144.952039, -37.827888 ], [ 144.952691, -37.827828 ], [ 144.955023, -37.826972 ], [ 144.955817, -37.826346 ], [ 144.95529, -37.825623 ], [ 144.95571, -37.8249 ], [ 144.960271, -37.823192 ], [ 144.961802, -37.821579 ], [ 144.962732, -37.822366 ], [ 144.963156, -37.822515 ], [ 144.963612, -37.822464 ], [ 144.963953, -37.822073 ], [ 144.964004, -37.821701 ], [ 144.963558, -37.821236 ], [ 144.962609, -37.820652 ], [ 144.962944, -37.820523 ], [ 144.963584, -37.820371 ], [ 144.964145, -37.820849 ], [ 144.964857, -37.820996 ], [ 144.965371, -37.820642 ], [ 144.965589, -37.82025 ], [ 144.965559, -37.819951 ], [ 144.965808, -37.819811 ], [ 144.969603, -37.819479 ], [ 144.971174, -37.820171 ], [ 144.968382, -37.820198 ], [ 144.967436, -37.820512 ], [ 144.966598, -37.821171 ], [ 144.96427, -37.822497 ], [ 144.961083, -37.824854 ], [ 144.95963, -37.826198 ], [ 144.959547, -37.827023 ], [ 144.960212, -37.827726 ], [ 144.961222, -37.828193 ], [ 144.963253, -37.828577 ], [ 144.96417, -37.828957 ], [ 144.965322, -37.830229 ], [ 144.966992139025933, -37.831149960395649 ], [ 144.965845043, -37.831482245 ], [ 144.963196834, -37.828808132 ], [ 144.962785960000019, -37.828581047 ], [ 144.960393142430746, -37.829286853369332 ], [ 144.959976, -37.82864 ] ] ] } },
{ "type": "Feature", "properties": { "patch_id": "evc3_patch3", "evc_number": 3, "evc_name": "Damp Sands Herb-rich Woodland", "vegetation_type": "Woodlands and heathlands on sand", "hectares": 17.91, "bioregion": "Gippsland Plain", "bcs": "V", "bcs_desc": "Vulnerable" }, "geometry": { "type": "Polygon", "coordinates": [ [ [ 144.975763, -37.814209 ], [ 144.977308, -37.814287 ], [ 144.978045, -37.813982 ], [ 144.978871, -37.813185 ], [ 144.980364, -37.811222 ], [ 144.980569, -37.811127 ], [ 144.980869, -37.811263 ], [ 144.981013, -37.812005 ], [ 144.98068, -37.814465 ], [ 144.979418, -37.816798 ], [ 144.979224, -37.817753 ], [ 144.976878, -37.816225 ], [ 144.97601, -37.816213 ], [ 144.974769, -37.816483 ], [ 144.975173, -37.815818 ], [ 144.975137, -37.815462 ], [ 144.974423, -37.81399 ], [ 144.975763, -37.814209 ] ] ] } },
{ "type": "Feature", "properties": { "patch_id": "evc3_patch4", "evc_number": 3, "evc_name": "Damp Sands Herb-rich Woodland", "vegetation_type": "Woodlands and heathlands on sand", "hectares": 16.56, "bioregion": "Gippsland Plain", "bcs": "V", "bcs_desc": "Vulnerable" }, "geometry": { "type": "Polygon", "coordinates": [ [ [ 144.977093, -37.820464 ], [ 144.98021, -37.823556 ], [ 144.983688, -37.825959 ], [ 144.98426, -37.826271 ], [ 144.985088, -37.826437 ], [ 144.983678, -37.826819 ], [ 144.982408, -37.827375 ], [ 144.98175, -37.827412 ], [ 144.981391, -37.827275 ], [ 144.976615, -37.821925 ], [ 144.976971, -37.82111 ], [ 144.976688, -37.820487 ], [ 144.975732, -37.820205 ], [ 144.975072, -37.819622 ], [ 144.975079, -37.819313 ], [ 144.97547, -37.818906 ], [ 144.977093, -37.820464 ] ] ] } },
{ "type": "Feature", "properties": { "patch_id": "evc3_patch5", "evc_number": 3, "evc_name": "Damp Sands Herb-rich Woodland", "vegetation_type": "Woodlands and heathlands on sand", "hectares": 6.73, "bioregion": "Gippsland Plain", "bcs": "V", "bcs_desc": "Vulnerable" }, "geometry": { "type": "Polygon", "coordinates": [ [ [ 144.986969, -37.827431 ], [ 144.986829, -37.827228 ], [ 144.98772, -37.827498 ], [ 144.988299, -37.827122 ], [ 144.988567, -37.826031 ], [ 144.988596, -37.824994 ], [ 144.987897, -37.823815 ], [ 144.985807, -37.822434 ], [ 144.986928, -37.822414 ], [ 144.988009, -37.821902 ], [ 144.989528583644613, -37.82054628228866 ], [ 144.98884433, -37.824623887 ], [ 144.988018173820564, -37.829125987778909 ], [ 144.986969, -37.827431 ] ] ] } },
{ "type": "Feature", "properties": { "patch_id": "evc3_patch6", "evc_number": 3, "evc_name": "Damp Sands Herb-rich Woodland", "vegetation_type": "Woodlands and heathlands on sand", "hectares": 3.61, "bioregion": "Gippsland Plain", "bcs": "V", "bcs_desc": "Vulnerable" }, "geometry": { "type": "Polygon", "coordinates": [ [ [ 144.983382, -37.818377 ], [ 144.984124, -37.817808 ], [ 144.984787, -37.817926 ], [ 144.985073, -37.818795 ], [ 144.984765, -37.820396 ], [ 144.983696, -37.819654 ], [ 144.982276, -37.819078 ], [ 144.983382, -37.818377 ] ] ] } },
{ "type": "Feature", "properties": { "patch_id": "evc9_patch1", "evc_number": 9, "evc_name": "Coastal Saltmarsh", "vegetation_type": "Saltmarsh", "hectares": 82.77, "bioregion": "Gippsland Plain", "bcs": "LC", "bcs_desc": "Least Concern" }, "geometry": { "type": "Polygon", "coordinates": [ [ [ 144.936038, -37.800822 ], [ 144.93554, -37.801107 ], [ 144.934637, -37.801117 ], [ 144.933766, -37.801581 ], [ 144.933317, -37.802343 ], [ 144.932684, -37.804558 ], [ 144.931866, -37.805315 ], [ 144.931435, -37.805492 ], [ 144.930666, -37.805636 ], [ 144.930018, -37.805501 ], [ 144.927881, -37.804399 ], [ 144.926362, -37.804131 ], [ 144.925797, -37.804198 ], [ 144.924921, -37.804587 ], [ 144.923904, -37.805501 ], [ 144.922557, -37.806285 ], [ 144.922701, -37.806969 ], [ 144.925078, -37.80941 ], [ 144.929458, -37.811776 ], [ 144.931883, -37.812612 ], [ 144.935432, -37.81261 ], [ 144.93596, -37.812279 ], [ 144.936145, -37.811732 ], [ 144.934347, -37.807562 ], [ 144.93438, -37.807396 ], [ 144.934853, -37.807225 ], [ 144.935495, -37.806615 ], [ 144.936572, -37.804928 ], [ 144.936941, -37.803225 ], [ 144.936753, -37.801835 ], [ 144.936392, -37.800832 ], [ 144.936568, -37.800932 ], [ 144.93702, -37.801517 ], [ 144.937446, -37.802567 ], [ 144.937444, -37.805387 ], [ 144.937756, -37.806354 ], [ 144.937568, -37.807039 ], [ 144.936714, -37.808088 ], [ 144.93652, -37.810774 ], [ 144.93684, -37.811667 ], [ 144.937644, -37.812607 ], [ 144.937592, -37.813041 ], [ 144.937328, -37.813559 ], [ 144.936828, -37.813925 ], [ 144.935074, -37.814164 ], [ 144.933771, -37.815281 ], [ 144.931896, -37.815398 ], [ 144.929865, -37.815026 ], [ 144.927487, -37.814001 ], [ 144.926841, -37.813482 ], [ 144.925968, -37.812031 ], [ 144.924763, -37.81159 ], [ 144.922806, -37.811161 ], [ 144.921771, -37.810579 ], [ 144.921324, -37.809867 ], [ 144.91968, -37.809328 ], [ 144.918437, -37.808634 ], [ 144.917647, -37.80809 ], [ 144.917119, -37.807423 ], [ 144.917348, -37.806848 ], [ 144.918318, -37.806099 ], [ 144.919519, -37.805732 ], [ 144.921523, -37.805617 ], [ 144.922533, -37.805379 ], [ 144.924027, -37.804144 ], [ 144.925123, -37.803598 ], [ 144.926915, -37.8036 ], [ 144.928087, -37.803892 ], [ 144.92946, -37.804565 ], [ 144.93044, -37.804693 ], [ 144.931014, -37.804581 ], [ 144.931948, -37.80382 ], [ 144.932325, -37.802409 ], [ 144.932895, -37.801443 ], [ 144.933446, -37.801032 ], [ 144.934829, -37.800553 ], [ 144.935725, -37.800571 ], [ 144.935984, -37.800637 ], [ 144.936038, -37.800822 ] ] ] } },
{ "type": "Feature", "properties": { "patch_id": "evc9_patch2", "evc_number": 9, "evc_name": "Coastal Saltmarsh", "vegetation_type": "Saltmarsh", "hectares": 30.5, "bioregion": "Gippsland Plain", "bcs": "LC", "bcs_desc": "Least Concern" }, "geometry": { "type": "Polygon", "coordinates": [ [ [ 144.901948, -37.840394 ], [ 144.900759, -37.839855 ], [ 144.900161, -37.839399 ], [ 144.899065, -37.83698 ], [ 144.898791, -37.835944 ], [ 144.89952, -37.834992 ], [ 144.900345, -37.834322 ], [ 144.901798, -37.833672 ], [ 144.903025, -37.833484 ], [ 144.904014, -37.833556 ], [ 144.904753, -37.833836 ], [ 144.905236, -37.834239 ], [ 144.905431, -37.834884 ], [ 144.902005, -37.836433 ], [ 144.901353, -37.837163 ], [ 144.901282, -37.837437 ], [ 144.901456, -37.837755 ], [ 144.902532, -37.838149 ], [ 144.905806, -37.838581 ], [ 144.9083, -37.839312 ], [ 144.910607, -37.839305 ], [ 144.910843, -37.839727 ], [ 144.910647, -37.840108 ], [ 144.909602, -37.840609 ], [ 144.907954, -37.840556 ], [ 144.906469344498134, -37.840244153252236 ], [ 144.906480453, -37.839376106 ], [ 144.906205114000016, -37.839368667 ], [ 144.90594349600002, -37.839127859 ], [ 144.905020656, -37.83905744 ], [ 144.902974281364465, -37.839473306856256 ], [ 144.902165, -37.839382 ], [ 144.901866, -37.839504 ], [ 144.901946, -37.839815 ], [ 144.903242987023532, -37.840175563520852 ], [ 144.903554019019111, -37.840988434449343 ], [ 144.901948, -37.840394 ] ] ] } },
{ "type": "Feature", "properties": { "patch_id": "evc53_patch1", "evc_number": 53, "evc_name": "Swamp Scrub", "vegetation_type": "Swamp scrub", "hectares": 84.71, "bioregion": "Victorian Volcanic Plain", "bcs": "E", "bcs_desc": "Endangered" }, "geometry": { "type": "Polygon", "coordinates": [ [ [ 144.967021, -37.818137 ], [ 144.970032, -37.818291 ], [ 144.969306, -37.81881 ], [ 144.966468, -37.819001 ], [ 144.962161, -37.819945 ], [ 144.959997, -37.820058 ], [ 144.959317, -37.820444 ], [ 144.958469, -37.821247 ], [ 144.956188, -37.822459 ], [ 144.954912, -37.822935 ], [ 144.952703, -37.823162 ], [ 144.950441, -37.823108 ], [ 144.948031, -37.822874 ], [ 144.945367, -37.822355 ], [ 144.941199, -37.821208 ], [ 144.930072, -37.818875 ], [ 144.927428, -37.818104 ], [ 144.920078, -37.813014 ], [ 144.919377, -37.812339 ], [ 144.916914, -37.809536 ], [ 144.915725, -37.806704 ], [ 144.915266, -37.806549 ], [ 144.9139, -37.806541 ], [ 144.913249, -37.805867 ], [ 144.912726, -37.805665 ], [ 144.912025, -37.80566 ], [ 144.911501, -37.805819 ], [ 144.910616, -37.806655 ], [ 144.909549, -37.806858 ], [ 144.908812, -37.806532 ], [ 144.908311, -37.805492 ], [ 144.909614, -37.80221 ], [ 144.911018, -37.800413 ], [ 144.912716, -37.799766 ], [ 144.914405, -37.800547 ], [ 144.915449, -37.800412 ], [ 144.915081, -37.800694 ], [ 144.912938, -37.800864 ], [ 144.911561, -37.801395 ], [ 144.911191, -37.801808 ], [ 144.910795, -37.802702 ], [ 144.910456, -37.803684 ], [ 144.910414, -37.804302 ], [ 144.910556, -37.804402 ], [ 144.912816, -37.804187 ], [ 144.914023, -37.804508 ], [ 144.915375, -37.805158 ], [ 144.917163, -37.807119 ], [ 144.917215, -37.807648 ], [ 144.917647, -37.80809 ], [ 144.920539, -37.809713 ], [ 144.920687, -37.810219 ], [ 144.920614, -37.81129 ], [ 144.921011, -37.811955 ], [ 144.922412, -37.813391 ], [ 144.923395, -37.813703 ], [ 144.925476, -37.813738 ], [ 144.925475, -37.814122 ], [ 144.92491, -37.815203 ], [ 144.925011, -37.815548 ], [ 144.926135, -37.816412 ], [ 144.927689, -37.817059 ], [ 144.927936, -37.817011 ], [ 144.928698, -37.816219 ], [ 144.938352, -37.819764 ], [ 144.942899, -37.820785 ], [ 144.946095, -37.821787 ], [ 144.950221, -37.822554 ], [ 144.952287, -37.822635 ], [ 144.953519, -37.82248 ], [ 144.957155, -37.821166 ], [ 144.958824, -37.81983 ], [ 144.960238, -37.81917 ], [ 144.964062, -37.818916 ], [ 144.964656, -37.818529 ], [ 144.964933, -37.818074 ], [ 144.967021, -37.818137 ] ] ] } },
{ "type": "Feature", "properties": { "patch_id": "evc53_patch2", "evc_number": 53, "evc_name": "Swamp Scrub", "vegetation_type": "Swamp scrub", "hectares": 72.23, "bioregion": "Victorian Volcanic Plain", "bcs": "E", "bcs_desc": "Endangered" }, "geometry": { "type": "Polygon", "coordinates": [ [ [ 144.914602, -37.810587 ], [ 144.91386, -37.811098 ], [ 144.912537, -37.811435 ], [ 144.912332, -37.811225 ], [ 144.912363, -37.810807 ], [ 144.912804, -37.809495 ], [ 144.912503, -37.809341 ], [ 144.911635, -37.80938 ], [ 144.910649, -37.809842 ], [ 144.909976, -37.810549 ], [ 144.909659, -37.811163 ], [ 144.909551, -37.813449 ], [ 144.908658, -37.817908 ], [ 144.909095, -37.821406 ], [ 144.908792, -37.822709 ], [ 144.90753, -37.824898 ], [ 144.904885, -37.828454 ], [ 144.904109, -37.82987 ], [ 144.904086, -37.831263 ], [ 144.904529, -37.832468 ], [ 144.905562, -37.833848 ], [ 144.906609, -37.834597 ], [ 144.905431, -37.834884 ], [ 144.905236, -37.834239 ], [ 144.904753, -37.833836 ], [ 144.904014, -37.833556 ], [ 144.902539, -37.83354 ], [ 144.901441, -37.833799 ], [ 144.900345, -37.834322 ], [ 144.89952, -37.834992 ], [ 144.898791, -37.835944 ], [ 144.898997, -37.830833 ], [ 144.899191, -37.829902 ], [ 144.89981, -37.829383 ], [ 144.901708, -37.828563 ], [ 144.902675, -37.827975 ], [ 144.905922, -37.825351 ], [ 144.907115, -37.823671 ], [ 144.907764, -37.82243 ], [ 144.907919, -37.819658 ], [ 144.907657, -37.81544 ], [ 144.907418, -37.815087 ], [ 144.906269, -37.814405 ], [ 144.90614, -37.813703 ], [ 144.906251, -37.811916 ], [ 144.906648, -37.810965 ], [ 144.907339, -37.810138 ], [ 144.909122, -37.808925 ], [ 144.910627, -37.808517 ], [ 144.912134, -37.80839 ], [ 144.913777, -37.808626 ], [ 144.915267, -37.809554 ], [ 144.914602, -37.810587 ] ] ] } },
{ "type": "Feature", "properties": { "patch_id": "evc53_patch3", "evc_number": 53, "evc_name": "Swamp Scrub", "vegetation_type": "Swamp scrub", "hectares": 59.02, "bioregion": "Victorian Volcanic Plain", "bcs": "E", "bcs_desc": "Endangered" }, "geometry": { "type": "Polygon", "coordinates": [ [ [ 144.939003, -37.824847 ], [ 144.937801, -37.823901 ], [ 144.935953, -37.822781 ], [ 144.932628, -37.821066 ], [ 144.932359, -37.82112 ], [ 144.930709, -37.819995 ], [ 144.933856, -37.820436 ], [ 144.938484, -37.821727 ], [ 144.945547, -37.82343 ], [ 144.948386, -37.823876 ], [ 144.952415, -37.82411 ], [ 144.953949, -37.824051 ], [ 144.954669, -37.82386 ], [ 144.956438, -37.823254 ], [ 144.959265, -37.821888 ], [ 144.96091, -37.821716 ], [ 144.961848, -37.820743 ], [ 144.961757, -37.821659 ], [ 144.960462, -37.823057 ], [ 144.95571, -37.8249 ], [ 144.95529, -37.825623 ], [ 144.955817, -37.826346 ], [ 144.955023, -37.826972 ], [ 144.953597, -37.827399 ], [ 144.953735, -37.826656 ], [ 144.953504, -37.826291 ], [ 144.952943, -37.826181 ], [ 144.952316, -37.826401 ], [ 144.951586, -37.825388 ], [ 144.951074, -37.825295 ], [ 144.950403, -37.825595 ], [ 144.950114, -37.824892 ], [ 144.949333, -37.824571 ], [ 144.948554, -37.82448 ], [ 144.947654, -37.824657 ], [ 144.945881, -37.825756 ], [ 144.945607206373637, -37.826502651782278 ], [ 144.942823163000014, -37.826053051 ], [ 144.94061624866049, -37.825949007508051 ], [ 144.939003, -37.824847 ] ] ] } },
{ "type": "Feature", "properties": { "patch_id": "evc53_patch4", "evc_number": 53, "evc_name": "Swamp Scrub", "vegetation_type": "Swamp scrub", "hectares": 4.76, "bioregion": "Victorian Volcanic Plain", "bcs": "E", "bcs_desc": "Endangered" }, "geometry": { "type": "Polygon", "coordinates": [ [ [ 144.988416, -37.830924 ], [ 144.985541, -37.829028 ], [ 144.984458, -37.828967 ], [ 144.982529, -37.82947 ], [ 144.984499, -37.828034 ], [ 144.984725, -37.827584 ], [ 144.984653, -37.827233 ], [ 144.985332, -37.827231 ], [ 144.985983, -37.827555 ], [ 144.98657, -37.828916 ], [ 144.988725, -37.831014 ], [ 144.988416, -37.830924 ] ] ] } },
{ "type": "Feature", "properties": { "patch_id": "evc53_patch5", "evc_number": 53, "evc_name": "Swamp Scrub", "vegetation_type": "Swamp scrub", "hectares": 3.23, "bioregion": "Victorian Volcanic Plain", "bcs": "E", "bcs_desc": "Endangered" }, "geometry": { "type": "Polygon", "coordinates": [ [ [ 144.97971, -37.826381 ], [ 144.979959, -37.826969 ], [ 144.979599, -37.826867 ], [ 144.97942, -37.827151 ], [ 144.976892, -37.824245 ], [ 144.976432, -37.823413 ], [ 144.976549, -37.822984 ], [ 144.97971, -37.826381 ] ] ] } },
{ "type": "Feature", "properties": { "patch_id": "evc53_patch6", "evc_number": 53, "evc_name": "Swamp Scrub", "vegetation_type": "Swamp scrub", "hectares": 2.13, "bioregion": "Victorian Volcanic Plain", "bcs": "E", "bcs_desc": "Endangered" }, "geometry": { "type": "Polygon", "coordinates": [ [ [ 144.970234, -37.819694 ], [ 144.969603, -37.819479 ], [ 144.971825, -37.819343 ], [ 144.973219, -37.819746 ], [ 144.973852, -37.820259 ], [ 144.971265, -37.820194 ], [ 144.970234, -37.819694 ] ] ] } },
{ "type": "Feature", "properties": { "patch_id": "evc53_patch7", "evc_number": 53, "evc_name": "Swamp Scrub", "vegetation_type": "Swamp scrub", "hectares": 1.82, "bioregion": "Victorian Volcanic Plain", "bcs": "E", "bcs_desc": "Endangered" }, "geometry": { "type": "Polygon", "coordinates": [ [ [ 144.971526, -37.81841 ], [ 144.973821, -37.818941 ], [ 144.975309, -37.82005 ], [ 144.975479, -37.820568 ], [ 144.973971, -37.81939 ], [ 144.973269, -37.819065 ], [ 144.97162, -37.818784 ], [ 144.970129, -37.818861 ], [ 144.97092, -37.818351 ], [ 144.971526, -37.81841 ] ] ] } },
{ "type": "Feature", "properties": { "patch_id": "evc53_patch8", "evc_number": 53, "evc_name": "Swamp Scrub", "vegetation_type": "Swamp scrub", "hectares": 0.86, "bioregion": "Victorian Volcanic Plain", "bcs": "E", "bcs_desc": "Endangered" }, "geometry": { "type": "Polygon", "coordinates": [ [ [ 144.942771, -37.828871 ], [ 144.942427, -37.828718 ], [ 144.94162592171989, -37.827055894225403 ], [ 144.94331503813541, -37.828514070706078 ], [ 144.942771, -37.828871 ] ] ] } },
{ "type": "Feature", "properties": { "patch_id": "evc53_patch9", "evc_number": 53, "evc_name": "Swamp Scrub", "vegetation_type": "Swamp scrub", "hectares": 0.8, "bioregion": "Victorian Volcanic Plain", "bcs": "E", "bcs_desc": "Endangered" }, "geometry": { "type": "Polygon", "coordinates": [ [ [ 144.960736, -37.820664 ], [ 144.960888, -37.820667 ], [ 144.960968, -37.820983 ], [ 144.960658, -37.821288 ], [ 144.959602, -37.821348 ], [ 144.95946, -37.821215 ], [ 144.959758, -37.820806 ], [ 144.960736, -37.820664 ] ] ] } },
{ "type": "Feature", "properties": { "patch_id": "evc55_patch1", "evc_number": 55, "evc_name": "Plains Grassy Woodland", "vegetation_type": "Grasslands and Woodlands on fertile plains", "hectares": 840.81, "bioregion": "Gippsland Plain", "bcs": "E", "bcs_desc": "Endangered" }, "geometry": { "type": "Polygon", "coordinates": [ [ [ 144.949929, -37.784035 ], [ 144.949373, -37.783999 ], [ 144.94757, -37.783131 ], [ 144.946621, -37.782929 ], [ 144.945492, -37.783017 ], [ 144.944124, -37.783817 ], [ 144.943489, -37.784433 ], [ 144.943033, -37.785178 ], [ 144.942912, -37.786105 ], [ 144.943374, -37.786817 ], [ 144.944284, -37.787511 ], [ 144.946496, -37.788476 ], [ 144.94757, -37.788623 ], [ 144.948342, -37.788662 ], [ 144.94915, -37.788393 ], [ 144.949783, -37.787513 ], [ 144.950736, -37.786844 ], [ 144.951411, -37.786716 ], [ 144.952041, -37.787005 ], [ 144.952107, -37.787654 ], [ 144.951586, -37.788008 ], [ 144.950005, -37.788611 ], [ 144.949715, -37.789014 ], [ 144.949516, -37.789894 ], [ 144.949674, -37.790974 ], [ 144.950134, -37.792109 ], [ 144.950779, -37.793041 ], [ 144.951286, -37.793312 ], [ 144.952172, -37.79345 ], [ 144.954291, -37.793049 ], [ 144.961672, -37.790869 ], [ 144.964149, -37.789539 ], [ 144.965603, -37.788447 ], [ 144.967385, -37.786494 ], [ 144.967907318603494, -37.785452827736044 ], [ 144.969516937, -37.785618768 ], [ 144.970553508000023, -37.779156465 ], [ 144.978134552, -37.780073017 ], [ 144.975715689, -37.793047412 ], [ 144.973188149, -37.807922846 ], [ 144.991330620000014, -37.80985698 ], [ 144.989528583644613, -37.82054628228866 ], [ 144.988009, -37.821902 ], [ 144.986928, -37.822414 ], [ 144.985807, -37.822434 ], [ 144.987897, -37.823815 ], [ 144.988424, -37.824538 ], [ 144.988596, -37.824994 ], [ 144.988567, -37.826031 ], [ 144.988406, -37.826843 ], [ 144.988129, -37.827297 ], [ 144.987423, -37.8275 ], [ 144.985664, -37.82657 ], [ 144.98426, -37.826271 ], [ 144.982667, -37.825338 ], [ 144.98021, -37.823556 ], [ 144.97547, -37.818906 ], [ 144.975976, -37.818213 ], [ 144.975706, -37.817619 ], [ 144.975262, -37.817424 ], [ 144.973508, -37.817337 ], [ 144.971708, -37.817645 ], [ 144.970032, -37.818291 ], [ 144.965871, -37.818167 ], [ 144.965686, -37.81801 ], [ 144.96538, -37.816395 ], [ 144.96467, -37.814069 ], [ 144.963349, -37.811884 ], [ 144.962688, -37.810339 ], [ 144.962611, -37.809541 ], [ 144.962966, -37.807075 ], [ 144.962904, -37.806127 ], [ 144.96197, -37.808718 ], [ 144.961915, -37.810982 ], [ 144.962302, -37.812208 ], [ 144.963973, -37.815573 ], [ 144.964933, -37.818074 ], [ 144.96433, -37.817876 ], [ 144.963625, -37.817379 ], [ 144.963358, -37.81698 ], [ 144.962624, -37.814758 ], [ 144.961231, -37.812939 ], [ 144.960575, -37.811806 ], [ 144.959404, -37.808024 ], [ 144.95708, -37.803062 ], [ 144.955963, -37.80186 ], [ 144.95248, -37.800454 ], [ 144.95129, -37.799669 ], [ 144.951013, -37.799063 ], [ 144.950804, -37.797008 ], [ 144.950142, -37.795818 ], [ 144.948719, -37.794417 ], [ 144.946339, -37.792515 ], [ 144.945795, -37.792238 ], [ 144.944106, -37.791831 ], [ 144.943729, -37.791545 ], [ 144.942256, -37.789082 ], [ 144.941312, -37.78794 ], [ 144.94099, -37.78711 ], [ 144.940741, -37.786958 ], [ 144.941674, -37.785188 ], [ 144.942598, -37.783882 ], [ 144.94347, -37.781922 ], [ 144.945282, -37.781346 ], [ 144.945821, -37.781445 ], [ 144.947019, -37.782224 ], [ 144.948033, -37.78245 ], [ 144.948137, -37.782302 ], [ 144.947862, -37.782 ], [ 144.946608, -37.781135 ], [ 144.946416, -37.780656 ], [ 144.94858, -37.779098 ], [ 144.949013, -37.77848 ], [ 144.949434293808622, -37.776741825977723 ], [ 144.950540483941893, -37.776875443721636 ], [ 144.950892, -37.777726 ], [ 144.951564, -37.778417 ], [ 144.952489, -37.779118 ], [ 144.953818, -37.779819 ], [ 144.954507, -37.782087 ], [ 144.95518, -37.783105 ], [ 144.955244, -37.783478 ], [ 144.954757, -37.783626 ], [ 144.951761, -37.783465 ], [ 144.949929, -37.784035 ] ], [ [ 144.975137, -37.815462 ], [ 144.975173, -37.815818 ], [ 144.974769, -37.816483 ], [ 144.97601, -37.816213 ], [ 144.976878, -37.816225 ], [ 144.979224, -37.817753 ], [ 144.979418, -37.816798 ], [ 144.98068, -37.814465 ], [ 144.981013, -37.812005 ], [ 144.980869, -37.811263 ], [ 144.980569, -37.811127 ], [ 144.980364, -37.811222 ], [ 144.978567, -37.813536 ], [ 144.977752, -37.814133 ], [ 144.976845, -37.81431 ], [ 144.974423, -37.81399 ], [ 144.975137, -37.815462 ] ], [ [ 144.984017, -37.819853 ], [ 144.984765, -37.820396 ], [ 144.98505, -37.818485 ], [ 144.984787, -37.817926 ], [ 144.984378, -37.817754 ], [ 144.982276, -37.819078 ], [ 144.984017, -37.819853 ] ] ] } },
{ "type": "Feature", "properties": { "patch_id": "evc55_patch2", "evc_number": 55, "evc_name": "Plains Grassy Woodland", "vegetation_type": "Grasslands and Woodlands on fertile plains", "hectares": 254.99, "bioregion": "Gippsland Plain", "bcs": "E", "bcs_desc": "Endangered" }, "geometry": { "type": "Polygon", "coordinates": [ [ [ 144.932053, -37.794862 ], [ 144.93277, -37.795795 ], [ 144.93379, -37.796743 ], [ 144.934113, -37.798215 ], [ 144.933976, -37.798895 ], [ 144.933659, -37.799493 ], [ 144.932157, -37.801146 ], [ 144.931042, -37.802913 ], [ 144.930574, -37.803181 ], [ 144.930017, -37.803185 ], [ 144.929387, -37.802563 ], [ 144.929216, -37.801443 ], [ 144.928812, -37.800744 ], [ 144.927405, -37.800317 ], [ 144.926242, -37.799624 ], [ 144.925992, -37.798789 ], [ 144.925891, -37.797103 ], [ 144.925559, -37.796416 ], [ 144.924477, -37.795988 ], [ 144.922114, -37.795961 ], [ 144.921403, -37.795744 ], [ 144.920998, -37.795417 ], [ 144.920736, -37.794852 ], [ 144.920757, -37.79421 ], [ 144.923011, -37.791863 ], [ 144.923392, -37.791284 ], [ 144.923405, -37.790676 ], [ 144.92311, -37.7903 ], [ 144.920976, -37.789748 ], [ 144.920454, -37.787476 ], [ 144.919561, -37.786306 ], [ 144.91838, -37.785435 ], [ 144.917063, -37.784889 ], [ 144.914289, -37.784185 ], [ 144.912239, -37.784431 ], [ 144.911004, -37.785062 ], [ 144.910198, -37.785876 ], [ 144.909282, -37.78717 ], [ 144.907884, -37.788331 ], [ 144.906176, -37.789086 ], [ 144.905494, -37.789231 ], [ 144.90385041001079, -37.789067733421732 ], [ 144.904401399000022, -37.788477288 ], [ 144.904927145000016, -37.787294431 ], [ 144.906320144, -37.787450417 ], [ 144.906914476, -37.784622956 ], [ 144.90743676, -37.783589126 ], [ 144.908278270000011, -37.782503927 ], [ 144.912439935118073, -37.780062414006096 ], [ 144.913312, -37.780226 ], [ 144.914243, -37.78071 ], [ 144.915195, -37.781635 ], [ 144.916167925124398, -37.782087441457186 ], [ 144.917632291000018, -37.783633585 ], [ 144.922034745000019, -37.783688456 ], [ 144.922587357, -37.780356879 ], [ 144.923193021384975, -37.780417265684115 ], [ 144.923091, -37.78074 ], [ 144.923197, -37.781519 ], [ 144.923851, -37.782793 ], [ 144.924436, -37.783282 ], [ 144.92497, -37.783449 ], [ 144.925643, -37.783239 ], [ 144.926603, -37.781288 ], [ 144.927037, -37.781071 ], [ 144.928157, -37.781125 ], [ 144.929311, -37.782246 ], [ 144.93035, -37.785481 ], [ 144.93118, -37.785918 ], [ 144.932322, -37.786122 ], [ 144.932915, -37.786003 ], [ 144.933458, -37.785661 ], [ 144.933991, -37.783633 ], [ 144.934600181613149, -37.782912508585177 ], [ 144.937650953, -37.784336851 ], [ 144.93863838869953, -37.785378974104816 ], [ 144.93788, -37.786253 ], [ 144.937147, -37.786747 ], [ 144.936725, -37.786862 ], [ 144.935789, -37.786688 ], [ 144.935201, -37.786835 ], [ 144.933723, -37.788711 ], [ 144.933524, -37.79091 ], [ 144.932209, -37.792944 ], [ 144.931972, -37.793577 ], [ 144.931882, -37.794705 ], [ 144.932053, -37.794862 ] ] ] } },
{ "type": "Feature", "properties": { "patch_id": "evc55_patch3", "evc_number": 55, "evc_name": "Plains Grassy Woodland", "vegetation_type": "Grasslands and Woodlands on fertile plains", "hectares": 108.73, "bioregion": "Gippsland Plain", "bcs": "E", "bcs_desc": "Endangered" }, "geometry": { "type": "Polygon", "coordinates": [ [ [ 144.990635, -37.832708 ], [ 144.991154, -37.833145 ], [ 144.992632, -37.833675 ], [ 144.993094, -37.834432 ], [ 144.99358, -37.83539 ], [ 144.993828, -37.836689 ], [ 144.99381, -37.837233 ], [ 144.993598, -37.837678 ], [ 144.992893, -37.838201 ], [ 144.991068, -37.839031 ], [ 144.989334, -37.838962 ], [ 144.987106, -37.839373 ], [ 144.986457, -37.839272 ], [ 144.986041, -37.838418 ], [ 144.986447, -37.838034 ], [ 144.988243, -37.837514 ], [ 144.989457, -37.836854 ], [ 144.989403, -37.83636 ], [ 144.988639, -37.835501 ], [ 144.987324, -37.833036 ], [ 144.985784, -37.831261 ], [ 144.984699, -37.830593 ], [ 144.983979, -37.83044 ], [ 144.983572, -37.83056 ], [ 144.983273, -37.831015 ], [ 144.98357, -37.832034 ], [ 144.983516, -37.832555 ], [ 144.983251, -37.833497 ], [ 144.982838, -37.833858 ], [ 144.982213, -37.834027 ], [ 144.981117, -37.833869 ], [ 144.979338, -37.832847 ], [ 144.978698, -37.832317 ], [ 144.978278, -37.831669 ], [ 144.97766, -37.830062 ], [ 144.977636, -37.829127 ], [ 144.978052, -37.826851 ], [ 144.977968, -37.826403 ], [ 144.976432, -37.824445 ], [ 144.975667, -37.824371 ], [ 144.973003, -37.826312 ], [ 144.971659, -37.829395 ], [ 144.970416670778064, -37.830280376798022 ], [ 144.970410026, -37.830159354 ], [ 144.969915455006344, -37.83030285985587 ], [ 144.969053, -37.828471 ], [ 144.969666, -37.825814 ], [ 144.969222, -37.823492 ], [ 144.969832, -37.821982 ], [ 144.970452, -37.821388 ], [ 144.972023, -37.820928 ], [ 144.973756, -37.821038 ], [ 144.975099, -37.821434 ], [ 144.976549, -37.822984 ], [ 144.976432, -37.823413 ], [ 144.976892, -37.824245 ], [ 144.97942, -37.827151 ], [ 144.979968, -37.829325 ], [ 144.980368, -37.830236 ], [ 144.981097, -37.830292 ], [ 144.982529, -37.82947 ], [ 144.984458, -37.828967 ], [ 144.985541, -37.829028 ], [ 144.986242, -37.829387 ], [ 144.988014, -37.830747 ], [ 144.988725, -37.831014 ], [ 144.990635, -37.832708 ] ] ] } },
{ "type": "Feature", "properties": { "patch_id": "evc55_patch4", "evc_number": 55, "evc_name": "Plains Grassy Woodland", "vegetation_type": "Grasslands and Woodlands on fertile plains", "hectares": 22.61, "bioregion": "Gippsland Plain", "bcs": "E", "bcs_desc": "Endangered" }, "geometry": { "type": "Polygon", "coordinates": [ [ [ 145.002701, -37.836817 ], [ 145.001886, -37.836273 ], [ 145.000835, -37.835006 ], [ 145.000116, -37.834608 ], [ 144.999201, -37.834744 ], [ 144.998052, -37.835233 ], [ 144.995456, -37.835226 ], [ 144.994802, -37.835407 ], [ 144.995381, -37.836762 ], [ 144.998782, -37.8394 ], [ 145.000592, -37.840464 ], [ 145.002895, -37.842694 ], [ 144.997131, -37.839239 ], [ 144.994633, -37.837273 ], [ 144.994164, -37.835484 ], [ 144.994123, -37.833959 ], [ 144.996822, -37.83458 ], [ 145.000669, -37.833986 ], [ 145.001617, -37.834442 ], [ 145.002568, -37.835334 ], [ 145.003524, -37.835584 ], [ 145.004398, -37.835223 ], [ 145.005311, -37.834456 ], [ 145.005426, -37.833938 ], [ 145.005111, -37.832673 ], [ 145.005274, -37.832403 ], [ 145.00628751811945, -37.832434339450728 ], [ 145.005319020475753, -37.837329429836068 ], [ 145.004268, -37.836946 ], [ 145.002701, -37.836817 ] ] ] } },
{ "type": "Feature", "properties": { "patch_id": "evc55_patch5", "evc_number": 55, "evc_name": "Plains Grassy Woodland", "vegetation_type": "Grasslands and Woodlands on fertile plains", "hectares": 21.75, "bioregion": "Gippsland Plain", "bcs": "E", "bcs_desc": "Endangered" }, "geometry": { "type": "Polygon", "coordinates": [ [ [ 144.947829, -37.778756 ], [ 144.94519, -37.780869 ], [ 144.943536, -37.781224 ], [ 144.943504, -37.780679 ], [ 144.9426, -37.777634 ], [ 144.9414931316295, -37.775782622638694 ], [ 144.948676025158477, -37.776650271191322 ], [ 144.948501, -37.777739 ], [ 144.948234, -37.778377 ], [ 144.947829, -37.778756 ] ] ] } },
{ "type": "Feature", "properties": { "patch_id": "evc55_patch6", "evc_number": 55, "evc_name": "Plains Grassy Woodland", "vegetation_type": "Grasslands and Woodlands on fertile plains", "hectares": 13.74, "bioregion": "Gippsland Plain", "bcs": "E", "bcs_desc": "Endangered" }, "geometry": { "type": "Polygon", "coordinates": [ [ [ 144.941939, -37.777447 ], [ 144.942879, -37.78016 ], [ 144.943013, -37.781331 ], [ 144.941059, -37.781832 ], [ 144.94028, -37.781093 ], [ 144.93997, -37.780349 ], [ 144.94056, -37.77979 ], [ 144.941357, -37.779371 ], [ 144.941413, -37.779097 ], [ 144.941129, -37.778875 ], [ 144.939104, -37.778268 ], [ 144.93887, -37.777376 ], [ 144.939299, -37.776253 ], [ 144.939343193734658, -37.775522919863306 ], [ 144.940479851111718, -37.775660222934341 ], [ 144.941939, -37.777447 ] ] ] } },
{ "type": "Feature", "properties": { "patch_id": "evc55_patch7", "evc_number": 55, "evc_name": "Plains Grassy Woodland", "vegetation_type": "Grasslands and Woodlands on fertile plains", "hectares": 11.43, "bioregion": "Gippsland Plain", "bcs": "E", "bcs_desc": "Endangered" }, "geometry": { "type": "Polygon", "coordinates": [ [ [ 144.958388, -37.779135 ], [ 144.957242420289276, -37.777684814625374 ], [ 144.961472827000023, -37.778195467 ], [ 144.962273127, -37.778777133 ], [ 144.962686068000011, -37.779321789 ], [ 144.962834778, -37.77993561 ], [ 144.962818664, -37.781184338 ], [ 144.963405471061151, -37.782040546320765 ], [ 144.959925, -37.780407 ], [ 144.958388, -37.779135 ] ] ] } },
{ "type": "Feature", "properties": { "patch_id": "evc55_patch8", "evc_number": 55, "evc_name": "Plains Grassy Woodland", "vegetation_type": "Grasslands and Woodlands on fertile plains", "hectares": 9.17, "bioregion": "Gippsland Plain", "bcs": "E", "bcs_desc": "Endangered" }, "geometry": { "type": "Polygon", "coordinates": [ [ [ 144.994546, -37.838301 ], [ 144.996183, -37.839819 ], [ 144.996518, -37.840712 ], [ 144.997041, -37.841339 ], [ 144.997838, -37.8414 ], [ 144.998721, -37.841038 ], [ 145.002602, -37.843306 ], [ 144.999381, -37.84198 ], [ 144.996647, -37.842379 ], [ 144.995966, -37.842089 ], [ 144.994984, -37.840626 ], [ 144.993215, -37.838716 ], [ 144.994147, -37.838075 ], [ 144.994546, -37.838301 ] ] ] } },
{ "type": "Feature", "properties": { "patch_id": "evc55_patch9", "evc_number": 55, "evc_name": "Plains Grassy Woodland", "vegetation_type": "Grasslands and Woodlands on fertile plains", "hectares": 4.01, "bioregion": "Gippsland Plain", "bcs": "E", "bcs_desc": "Endangered" }, "geometry": { "type": "Polygon", "coordinates": [ [ [ 144.942919, -37.782035 ], [ 144.941225, -37.785256 ], [ 144.940745, -37.785725 ], [ 144.940556, -37.783756 ], [ 144.941202, -37.782258 ], [ 144.942919, -37.782035 ] ] ] } },
{ "type": "Feature", "properties": { "patch_id": "evc56_patch1", "evc_number": 56, "evc_name": "Floodplain Riparian Woodland", "vegetation_type": "River banks and creeklines", "hectares": 1.79, "bioregion": "Gippsland Plain", "bcs": "E", "bcs_desc": "Endangered" }, "geometry": { "type": "Polygon", "coordinates": [ [ [ 145.005274, -37.832403 ], [ 145.004564, -37.831775 ], [ 145.004317983035918, -37.831251632920498 ], [ 145.005115408000023, -37.831192312 ], [ 145.006435277, -37.831581281 ], [ 145.00628751811945, -37.832434339450728 ], [ 145.005274, -37.832403 ] ] ] } },
{ "type": "Feature", "properties": { "patch_id": "evc68_patch1", "evc_number": 68, "evc_name": "Creekline Grassy Woodland", "vegetation_type": "River banks and creeklines", "hectares": 19.68, "bioregion": "Gippsland Plain", "bcs": "E", "bcs_desc": "Endangered" }, "geometry": { "type": "Polygon", "coordinates": [ [ [ 145.00315, -37.843653 ], [ 144.998721, -37.841038 ], [ 144.997838, -37.8414 ], [ 144.997041, -37.841339 ], [ 144.996518, -37.840712 ], [ 144.996183, -37.839819 ], [ 144.994147, -37.838075 ], [ 144.991246, -37.840243 ], [ 144.990754, -37.841302 ], [ 144.990447, -37.842519 ], [ 144.98995, -37.843114 ], [ 144.989026, -37.843411 ], [ 144.988402, -37.843162 ], [ 144.989586, -37.842204 ], [ 144.990018, -37.840541 ], [ 144.990462, -37.839693 ], [ 144.991369, -37.838817 ], [ 144.993194, -37.838016 ], [ 144.993598, -37.837678 ], [ 144.99381, -37.837233 ], [ 144.99358, -37.83539 ], [ 144.992632, -37.833675 ], [ 144.994123, -37.833959 ], [ 144.994164, -37.835484 ], [ 144.994633, -37.837273 ], [ 144.997131, -37.839239 ], [ 145.002895, -37.842694 ], [ 145.004078, -37.84373 ], [ 145.004042913105877, -37.843913836947941 ], [ 145.003809, -37.843946 ], [ 145.00315, -37.843653 ] ] ] } },
{ "type": "Feature", "properties": { "patch_id": "evc68_patch2", "evc_number": 68, "evc_name": "Creekline Grassy Woodland", "vegetation_type": "River banks and creeklines", "hectares": 11.21, "bioregion": "Gippsland Plain", "bcs": "E", "bcs_desc": "Endangered" }, "geometry": { "type": "Polygon", "coordinates": [ [ [ 144.964324, -37.816409 ], [ 144.962515, -37.812698 ], [ 144.961915, -37.810982 ], [ 144.96197, -37.808718 ], [ 144.962904, -37.806127 ], [ 144.962966, -37.807075 ], [ 144.962611, -37.809541 ], [ 144.962688, -37.810339 ], [ 144.963349, -37.811884 ], [ 144.96467, -37.814069 ], [ 144.96538, -37.816395 ], [ 144.965686, -37.81801 ], [ 144.964933, -37.818074 ], [ 144.964324, -37.816409 ] ] ] } },
{ "type": "Feature", "properties": { "patch_id": "evc68_patch3", "evc_number": 68, "evc_name": "Creekline Grassy Woodland", "vegetation_type": "River banks and creeklines", "hectares": 7.91, "bioregion": "Gippsland Plain", "bcs": "E", "bcs_desc": "Endangered" }, "geometry": { "type": "Polygon", "coordinates": [ [ [ 144.949013, -37.77848 ], [ 144.94858, -37.779098 ], [ 144.946416, -37.780656 ], [ 144.946608, -37.781135 ], [ 144.947862, -37.782 ], [ 144.948137, -37.782302 ], [ 144.948033, -37.78245 ], [ 144.947019, -37.782224 ], [ 144.945821, -37.781445 ], [ 144.945282, -37.781346 ], [ 144.94347, -37.781922 ], [ 144.941202, -37.782258 ], [ 144.941059, -37.781832 ], [ 144.94519, -37.780869 ], [ 144.9456, -37.780616 ], [ 144.946744, -37.779497 ], [ 144.948234, -37.778377 ], [ 144.948677, -37.777242 ], [ 144.948676025158477, -37.776650271191322 ], [ 144.949434293808622, -37.776741825977723 ], [ 144.949013, -37.77848 ] ] ] } },
{ "type": "Feature", "properties": { "patch_id": "evc83_patch1", "evc_number": 83, "evc_name": "Swampy Riparian Woodland", "vegetation_type": "River banks and creeklines", "hectares": 1.53, "bioregion": "Gippsland Plain", "bcs": "E", "bcs_desc": "Endangered" }, "geometry": { "type": "Polygon", "coordinates": [ [ [ 144.919243, -37.813512 ], [ 144.92038, -37.814394 ], [ 144.920774, -37.814583 ], [ 144.919963, -37.814657 ], [ 144.918921, -37.814356 ], [ 144.918578, -37.813841 ], [ 144.918555, -37.812918 ], [ 144.919243, -37.813512 ] ] ] } },
{ "type": "Feature", "properties": { "patch_id": "evc132_patch1", "evc_number": 132, "evc_name": "Plains Grassland", "vegetation_type": "Grasslands and Woodlands on fertile plains", "hectares": 10.77, "bioregion": "Victorian Volcanic Plain", "bcs": "E", "bcs_desc": "Endangered" }, "geometry": { "type": "Polygon", "coordinates": [ [ [ 144.943749, -37.809029 ], [ 144.944272, -37.81024 ], [ 144.945056, -37.811471 ], [ 144.946246, -37.812256 ], [ 144.944708, -37.811851 ], [ 144.943455, -37.811266 ], [ 144.941603, -37.809635 ], [ 144.939683, -37.807493 ], [ 144.939053, -37.806527 ], [ 144.938911, -37.805384 ], [ 144.939137, -37.804281 ], [ 144.939947, -37.806299 ], [ 144.940515, -37.807115 ], [ 144.942025, -37.80815 ], [ 144.943067, -37.808463 ], [ 144.943749, -37.809029 ] ] ] } },
{ "type": "Feature", "properties": { "patch_id": "evc132_patch2", "evc_number": 132, "evc_name": "Plains Grassland", "vegetation_type": "Grasslands and Woodlands on fertile plains", "hectares": 1.94, "bioregion": "Victorian Volcanic Plain", "bcs": "E", "bcs_desc": "Endangered" }, "geometry": { "type": "Polygon", "coordinates": [ [ [ 144.915195, -37.781635 ], [ 144.913796, -37.780405 ], [ 144.912439935118073, -37.780062414006096 ], [ 144.913586002000017, -37.779390054 ], [ 144.916167925124398, -37.782087441457186 ], [ 144.915195, -37.781635 ] ] ] } },
{ "type": "Feature", "properties": { "patch_id": "evc175_patch1", "evc_number": 175, "evc_name": "Grassy Woodland", "vegetation_type": "Grasslands and Woodlands on fertile plains", "hectares": 404.11, "bioregion": "Gippsland Plain", "bcs": "E", "bcs_desc": "Endangered" }, "geometry": { "type": "Polygon", "coordinates": [ [ [ 144.970448728, -37.830864242 ], [ 144.970416670778064, -37.830280376798022 ], [ 144.971659, -37.829395 ], [ 144.973003, -37.826312 ], [ 144.975667, -37.824371 ], [ 144.976432, -37.824445 ], [ 144.977968, -37.826403 ], [ 144.978052, -37.826851 ], [ 144.977636, -37.829127 ], [ 144.97766, -37.830062 ], [ 144.978278, -37.831669 ], [ 144.978698, -37.832317 ], [ 144.979338, -37.832847 ], [ 144.981117, -37.833869 ], [ 144.982213, -37.834027 ], [ 144.982838, -37.833858 ], [ 144.983251, -37.833497 ], [ 144.983516, -37.832555 ], [ 144.98357, -37.832034 ], [ 144.983273, -37.831015 ], [ 144.983572, -37.83056 ], [ 144.983979, -37.83044 ], [ 144.984699, -37.830593 ], [ 144.985784, -37.831261 ], [ 144.987324, -37.833036 ], [ 144.988639, -37.835501 ], [ 144.989403, -37.83636 ], [ 144.989457, -37.836854 ], [ 144.988243, -37.837514 ], [ 144.986447, -37.838034 ], [ 144.986041, -37.838418 ], [ 144.986252, -37.839075 ], [ 144.986744, -37.839391 ], [ 144.989334, -37.838962 ], [ 144.991068, -37.839031 ], [ 144.990141, -37.840199 ], [ 144.989586, -37.842204 ], [ 144.98861, -37.842901 ], [ 144.988402, -37.843162 ], [ 144.988586, -37.843331 ], [ 144.989359, -37.843376 ], [ 144.990172, -37.842905 ], [ 144.990447, -37.842519 ], [ 144.990754, -37.841302 ], [ 144.991246, -37.840243 ], [ 144.993215, -37.838716 ], [ 144.994984, -37.840626 ], [ 144.995966, -37.842089 ], [ 144.996647, -37.842379 ], [ 144.999381, -37.84198 ], [ 145.002602, -37.843306 ], [ 145.003581, -37.843883 ], [ 145.004042913105877, -37.843913836947941 ], [ 145.003193934, -37.84809914 ], [ 144.985022921, -37.845687385 ], [ 144.9842013, -37.850667379 ], [ 144.982349683, -37.850429231 ], [ 144.982209622, -37.851256052 ], [ 144.981841244, -37.851340913 ], [ 144.982022699, -37.851823232 ], [ 144.982345337, -37.851863234 ], [ 144.982204691000021, -37.85256517 ], [ 144.982531121000022, -37.852617144 ], [ 144.982731782, -37.853311405 ], [ 144.982643629000023, -37.85401332 ], [ 144.982869926, -37.854040744 ], [ 144.982836584000012, -37.85434661 ], [ 144.982958615, -37.854362936 ], [ 144.982911516, -37.854608163 ], [ 144.982204755, -37.854514125 ], [ 144.982572087000023, -37.855526441 ], [ 144.980705732000018, -37.85493822 ], [ 144.979907595000014, -37.854371402 ], [ 144.979366291000019, -37.853687606 ], [ 144.977951039, -37.849520715 ], [ 144.976894952, -37.84943997 ], [ 144.975178113, -37.848308719 ], [ 144.974421058836072, -37.848103033452666 ], [ 144.973773, -37.847279 ], [ 144.972499, -37.846263 ], [ 144.972146, -37.84518 ], [ 144.972144, -37.84424 ], [ 144.971458, -37.843147 ], [ 144.971512, -37.842311 ], [ 144.971778001000018, -37.841664952 ], [ 144.971751274067884, -37.841165980807595 ], [ 144.972426, -37.838413 ], [ 144.972449, -37.837628 ], [ 144.97207, -37.83674 ], [ 144.971734, -37.836563 ], [ 144.970364, -37.836727 ], [ 144.967900874173381, -37.837871703545645 ], [ 144.967682267000015, -37.837475936 ], [ 144.970104409000015, -37.836133572 ], [ 144.970920875000019, -37.835337938 ], [ 144.971687555000017, -37.834263706 ], [ 144.971765433, -37.833128255 ], [ 144.971607958000021, -37.832334666 ], [ 144.970214423000016, -37.832733952 ], [ 144.969880612806605, -37.831954760318879 ], [ 144.970469392000012, -37.831833522 ], [ 144.970401081, -37.831502999 ], [ 144.969825983217589, -37.831587174382079 ], [ 144.969818, -37.831353 ], [ 144.969949310859391, -37.830960812530719 ], [ 144.970448728, -37.830864242 ] ] ] } },
{ "type": "Feature", "properties": { "patch_id": "evc175_patch2", "evc_number": 175, "evc_name": "Grassy Woodland", "vegetation_type": "Grasslands and Woodlands on fertile plains", "hectares": 198.14, "bioregion": "Gippsland Plain", "bcs": "E", "bcs_desc": "Endangered" }, "geometry": { "type": "Polygon", "coordinates": [ [ [ 144.942912, -37.786105 ], [ 144.943033, -37.785178 ], [ 144.943489, -37.784433 ], [ 144.944124, -37.783817 ], [ 144.945492, -37.783017 ], [ 144.946621, -37.782929 ], [ 144.94757, -37.783131 ], [ 144.949373, -37.783999 ], [ 144.949929, -37.784035 ], [ 144.951761, -37.783465 ], [ 144.954757, -37.783626 ], [ 144.955244, -37.783478 ], [ 144.95518, -37.783105 ], [ 144.954507, -37.782087 ], [ 144.953818, -37.779819 ], [ 144.952489, -37.779118 ], [ 144.951564, -37.778417 ], [ 144.950892, -37.777726 ], [ 144.950540483941893, -37.776875443721636 ], [ 144.957242420289276, -37.777684814625374 ], [ 144.958193, -37.778962 ], [ 144.959925, -37.780407 ], [ 144.964005348, -37.782376149 ], [ 144.963586632000016, -37.785004782 ], [ 144.967907318603494, -37.785452827736044 ], [ 144.967385, -37.786494 ], [ 144.965603, -37.788447 ], [ 144.964838, -37.789096 ], [ 144.962708, -37.790368 ], [ 144.960223, -37.7914 ], [ 144.954291, -37.793049 ], [ 144.952172, -37.79345 ], [ 144.951286, -37.793312 ], [ 144.950779, -37.793041 ], [ 144.950134, -37.792109 ], [ 144.949674, -37.790974 ], [ 144.949516, -37.789894 ], [ 144.949715, -37.789014 ], [ 144.950005, -37.788611 ], [ 144.951586, -37.788008 ], [ 144.952107, -37.787654 ], [ 144.952041, -37.787005 ], [ 144.951411, -37.786716 ], [ 144.950736, -37.786844 ], [ 144.949783, -37.787513 ], [ 144.94915, -37.788393 ], [ 144.948342, -37.788662 ], [ 144.94757, -37.788623 ], [ 144.946496, -37.788476 ], [ 144.944284, -37.787511 ], [ 144.943374, -37.786817 ], [ 144.942912, -37.786105 ] ] ] } },
{ "type": "Feature", "properties": { "patch_id": "evc175_patch3", "evc_number": 175, "evc_name": "Grassy Woodland", "vegetation_type": "Grasslands and Woodlands on fertile plains", "hectares": 47.59, "bioregion": "Gippsland Plain", "bcs": "E", "bcs_desc": "Endangered" }, "geometry": { "type": "Polygon", "coordinates": [ [ [ 144.952165, -37.808881 ], [ 144.951797, -37.808188 ], [ 144.950642, -37.806734 ], [ 144.949933, -37.80607 ], [ 144.949118, -37.805658 ], [ 144.947578, -37.805315 ], [ 144.945089, -37.805447 ], [ 144.94369, -37.804969 ], [ 144.943215, -37.804195 ], [ 144.943208, -37.803518 ], [ 144.943442, -37.803057 ], [ 144.944019, -37.802733 ], [ 144.944983, -37.80262 ], [ 144.945767, -37.802797 ], [ 144.947433, -37.803668 ], [ 144.947949, -37.803503 ], [ 144.948173, -37.803168 ], [ 144.947993, -37.802105 ], [ 144.948098, -37.801946 ], [ 144.948669, -37.801926 ], [ 144.949251, -37.802117 ], [ 144.951306, -37.803344 ], [ 144.951824, -37.80346 ], [ 144.953409, -37.803012 ], [ 144.953987, -37.803042 ], [ 144.954689, -37.803333 ], [ 144.955194, -37.803695 ], [ 144.955394, -37.80418 ], [ 144.955118, -37.804904 ], [ 144.954476, -37.805537 ], [ 144.9543, -37.806022 ], [ 144.954333, -37.806492 ], [ 144.955611, -37.808648 ], [ 144.955787, -37.809206 ], [ 144.955749, -37.80998 ], [ 144.955447, -37.810577 ], [ 144.955086, -37.810894 ], [ 144.954583, -37.811104 ], [ 144.953918, -37.811124 ], [ 144.953303, -37.810806 ], [ 144.952915, -37.81033 ], [ 144.952165, -37.808881 ] ] ] } },
{ "type": "Feature", "properties": { "patch_id": "evc175_patch4", "evc_number": 175, "evc_name": "Grassy Woodland", "vegetation_type": "Grasslands and Woodlands on fertile plains", "hectares": 43.09, "bioregion": "Gippsland Plain", "bcs": "E", "bcs_desc": "Endangered" }, "geometry": { "type": "Polygon", "coordinates": [ [ [ 145.002321, -37.8421 ], [ 145.000592, -37.840464 ], [ 144.998782, -37.8394 ], [ 144.995772, -37.837111 ], [ 144.995115, -37.83638 ], [ 144.994802, -37.835407 ], [ 144.995456, -37.835226 ], [ 144.998052, -37.835233 ], [ 144.999201, -37.834744 ], [ 145.000116, -37.834608 ], [ 145.000835, -37.835006 ], [ 145.002353, -37.836664 ], [ 145.002701, -37.836817 ], [ 145.004268, -37.836946 ], [ 145.005319020475753, -37.837329429836068 ], [ 145.004072551250118, -37.843764383490679 ], [ 145.002321, -37.8421 ] ] ] } },
{ "type": "Feature", "properties": { "patch_id": "evc175_patch5", "evc_number": 175, "evc_name": "Grassy Woodland", "vegetation_type": "Grasslands and Woodlands on fertile plains", "hectares": 18.87, "bioregion": "Gippsland Plain", "bcs": "E", "bcs_desc": "Endangered" }, "geometry": { "type": "Polygon", "coordinates": [ [ [ 144.933458, -37.785661 ], [ 144.932915, -37.786003 ], [ 144.931888, -37.786109 ], [ 144.93035, -37.785481 ], [ 144.929311, -37.782246 ], [ 144.928157, -37.781125 ], [ 144.92759264839674, -37.781024149376329 ], [ 144.927672784, -37.780847538 ], [ 144.928202968000022, -37.780902644 ], [ 144.92829878, -37.781118471 ], [ 144.928426705000021, -37.780856564 ], [ 144.929356531, -37.780976909 ], [ 144.929692269000014, -37.781162417 ], [ 144.929646692, -37.781454578 ], [ 144.930407167, -37.781530455 ], [ 144.930480683000013, -37.781062537 ], [ 144.930748902, -37.781089026 ], [ 144.930774838000019, -37.781303344 ], [ 144.931235252000022, -37.781359278 ], [ 144.931264124000023, -37.781179618 ], [ 144.932057031, -37.781257061 ], [ 144.932116896, -37.780890592 ], [ 144.932322445000011, -37.780915088 ], [ 144.933351094000017, -37.782097514 ], [ 144.934600181613149, -37.782912508585177 ], [ 144.933991, -37.783633 ], [ 144.933458, -37.785661 ] ] ] } },
{ "type": "Feature", "properties": { "patch_id": "evc175_patch6", "evc_number": 175, "evc_name": "Grassy Woodland", "vegetation_type": "Grasslands and Woodlands on fertile plains", "hectares": 8.87, "bioregion": "Gippsland Plain", "bcs": "E", "bcs_desc": "Endangered" }, "geometry": { "type": "Polygon", "coordinates": [ [ [ 144.961098, -37.813745 ], [ 144.960844, -37.814515 ], [ 144.960432, -37.814842 ], [ 144.95948, -37.815064 ], [ 144.957138, -37.814384 ], [ 144.956351, -37.813668 ], [ 144.956279, -37.813306 ], [ 144.956994, -37.812634 ], [ 144.95746, -37.812474 ], [ 144.958501, -37.812471 ], [ 144.960256, -37.812908 ], [ 144.960678, -37.81312 ], [ 144.961098, -37.813745 ] ] ] } },
{ "type": "Feature", "properties": { "patch_id": "evc175_patch7", "evc_number": 175, "evc_name": "Grassy Woodland", "vegetation_type": "Grasslands and Woodlands on fertile plains", "hectares": 7.96, "bioregion": "Gippsland Plain", "bcs": "E", "bcs_desc": "Endangered" }, "geometry": { "type": "Polygon", "coordinates": [ [ [ 144.923492, -37.782236 ], [ 144.923197, -37.781519 ], [ 144.923091, -37.78074 ], [ 144.923193021384975, -37.780417265684115 ], [ 144.923351560000015, -37.780418939 ], [ 144.92330010500001, -37.780725356 ], [ 144.924450005000011, -37.780841558 ], [ 144.924508064, -37.780502348 ], [ 144.925113032000013, -37.780564703 ], [ 144.925179419000017, -37.780208415 ], [ 144.926426015, -37.780325861 ], [ 144.926699841000016, -37.780689041 ], [ 144.927057719, -37.780617128 ], [ 144.927506574342715, -37.781031406885099 ], [ 144.926603, -37.781288 ], [ 144.925643, -37.783239 ], [ 144.92497, -37.783449 ], [ 144.924436, -37.783282 ], [ 144.923851, -37.782793 ], [ 144.923492, -37.782236 ] ] ] } },
{ "type": "Feature", "properties": { "patch_id": "evc175_patch8", "evc_number": 175, "evc_name": "Grassy Woodland", "vegetation_type": "Grasslands and Woodlands on fertile plains", "hectares": 7.17, "bioregion": "Gippsland Plain", "bcs": "E", "bcs_desc": "Endangered" }, "geometry": { "type": "Polygon", "coordinates": [ [ [ 144.956244, -37.829 ], [ 144.95715, -37.828542 ], [ 144.958601, -37.828345 ], [ 144.959976, -37.82864 ], [ 144.960393142430746, -37.829286853369332 ], [ 144.954963745000015, -37.830844733 ], [ 144.954542270000019, -37.830678813 ], [ 144.95407168600002, -37.831074614 ], [ 144.95492, -37.830076 ], [ 144.956244, -37.829 ] ] ] } },
{ "type": "Feature", "properties": { "patch_id": "evc175_patch9", "evc_number": 175, "evc_name": "Grassy Woodland", "vegetation_type": "Grasslands and Woodlands on fertile plains", "hectares": 2.99, "bioregion": "Gippsland Plain", "bcs": "E", "bcs_desc": "Endangered" }, "geometry": { "type": "Polygon", "coordinates": [ [ [ 144.944887, -37.795678 ], [ 144.944582, -37.795098 ], [ 144.944842, -37.794401 ], [ 144.945169, -37.794215 ], [ 144.945975, -37.794165 ], [ 144.946531, -37.79443 ], [ 144.94676, -37.794881 ], [ 144.946663, -37.795454 ], [ 144.946329, -37.795895 ], [ 144.946085, -37.796018 ], [ 144.945604, -37.795946 ], [ 144.944887, -37.795678 ] ] ] } },
{ "type": "Feature", "properties": { "patch_id": "evc175_patch10", "evc_number": 175, "evc_name": "Grassy Woodland", "vegetation_type": "Grasslands and Woodlands on fertile plains", "hectares": 2.16, "bioregion": "Gippsland Plain", "bcs": "E", "bcs_desc": "Endangered" }, "geometry": { "type": "Polygon", "coordinates": [ [ [ 144.948075, -37.796518 ], [ 144.948162, -37.796152 ], [ 144.948553, -37.795808 ], [ 144.948974, -37.795716 ], [ 144.949617, -37.79604 ], [ 144.949803, -37.796513 ], [ 144.949709, -37.796838 ], [ 144.949155, -37.797398 ], [ 144.948414, -37.79725 ], [ 144.948138, -37.796989 ], [ 144.948075, -37.796518 ] ] ] } },
{ "type": "Feature", "properties": { "patch_id": "evc300_patch1", "evc_number": 300, "evc_name": "Reed Swamp", "vegetation_type": "Freshwater wetland", "hectares": 28.07, "bioregion": "Gippsland Plain", "bcs": "E", "bcs_desc": "Endangered" }, "geometry": { "type": "Polygon", "coordinates": [ [ [ 144.945699, -37.83195 ], [ 144.941623, -37.829469 ], [ 144.93861, -37.828034 ], [ 144.937614, -37.826931 ], [ 144.936399, -37.824919 ], [ 144.93545, -37.823983 ], [ 144.933798, -37.822825 ], [ 144.932627, -37.821783 ], [ 144.932285, -37.821227 ], [ 144.932359, -37.82112 ], [ 144.932628, -37.821066 ], [ 144.937801, -37.823901 ], [ 144.94061624866049, -37.825949007508051 ], [ 144.940342354, -37.825947376 ], [ 144.94162592171989, -37.827055894225403 ], [ 144.942427, -37.828718 ], [ 144.942771, -37.828871 ], [ 144.94331503813541, -37.828514070706078 ], [ 144.947501349918184, -37.8320879947888 ], [ 144.946338, -37.83216 ], [ 144.945699, -37.83195 ] ] ] } },
{ "type": "Feature", "properties": { "patch_id": "evc300_patch2", "evc_number": 300, "evc_name": "Reed Swamp", "vegetation_type": "Freshwater wetland", "hectares": 8.55, "bioregion": "Gippsland Plain", "bcs": "E", "bcs_desc": "Endangered" }, "geometry": { "type": "Polygon", "coordinates": [ [ [ 144.970645, -37.818043 ], [ 144.971708, -37.817645 ], [ 144.973508, -37.817337 ], [ 144.975262, -37.817424 ], [ 144.975706, -37.817619 ], [ 144.975976, -37.818213 ], [ 144.975921, -37.818447 ], [ 144.975079, -37.819313 ], [ 144.975072, -37.819622 ], [ 144.975732, -37.820205 ], [ 144.976688, -37.820487 ], [ 144.976971, -37.82111 ], [ 144.976763, -37.821721 ], [ 144.976615, -37.821925 ], [ 144.976275, -37.821588 ], [ 144.975479, -37.820568 ], [ 144.975309, -37.82005 ], [ 144.973485, -37.818781 ], [ 144.971144, -37.818342 ], [ 144.970613, -37.818501 ], [ 144.970129, -37.818861 ], [ 144.969306, -37.81881 ], [ 144.970645, -37.818043 ] ] ] } },
{ "type": "Feature", "properties": { "patch_id": "evc300_patch3", "evc_number": 300, "evc_name": "Reed Swamp", "vegetation_type": "Freshwater wetland", "hectares": 8.24, "bioregion": "Gippsland Plain", "bcs": "E", "bcs_desc": "Endangered" }, "geometry": { "type": "Polygon", "coordinates": [ [ [ 144.980461, -37.827486 ], [ 144.981389, -37.828043 ], [ 144.982289, -37.82825 ], [ 144.984326, -37.827303 ], [ 144.984653, -37.827233 ], [ 144.984725, -37.827584 ], [ 144.984499, -37.828034 ], [ 144.983022, -37.829166 ], [ 144.981411, -37.830147 ], [ 144.980742, -37.83035 ], [ 144.980368, -37.830236 ], [ 144.979968, -37.829325 ], [ 144.97942, -37.827151 ], [ 144.979483, -37.826917 ], [ 144.979959, -37.826969 ], [ 144.980461, -37.827486 ] ] ] } },
{ "type": "Feature", "properties": { "patch_id": "evc300_patch4", "evc_number": 300, "evc_name": "Reed Swamp", "vegetation_type": "Freshwater wetland", "hectares": 8.0, "bioregion": "Gippsland Plain", "bcs": "E", "bcs_desc": "Endangered" }, "geometry": { "type": "Polygon", "coordinates": [ [ [ 144.946137, -37.825622 ], [ 144.947654, -37.824657 ], [ 144.948554, -37.82448 ], [ 144.949333, -37.824571 ], [ 144.950114, -37.824892 ], [ 144.950403, -37.825595 ], [ 144.949855, -37.826201 ], [ 144.948092, -37.82683 ], [ 144.947067411171162, -37.827483958467887 ], [ 144.94693967, -37.826807073 ], [ 144.945607206373637, -37.826502651782278 ], [ 144.945694, -37.826034 ], [ 144.946137, -37.825622 ] ] ] } },
{ "type": "Feature", "properties": { "patch_id": "evc300_patch5", "evc_number": 300, "evc_name": "Reed Swamp", "vegetation_type": "Freshwater wetland", "hectares": 2.83, "bioregion": "Gippsland Plain", "bcs": "E", "bcs_desc": "Endangered" }, "geometry": { "type": "Polygon", "coordinates": [ [ [ 144.96256, -37.820629 ], [ 144.963024, -37.820839 ], [ 144.964004, -37.821701 ], [ 144.963953, -37.822073 ], [ 144.963612, -37.822464 ], [ 144.963156, -37.822515 ], [ 144.962732, -37.822366 ], [ 144.961732, -37.821475 ], [ 144.961848, -37.820743 ], [ 144.96256, -37.820629 ] ] ] } },
{ "type": "Feature", "properties": { "patch_id": "evc300_patch6", "evc_number": 300, "evc_name": "Reed Swamp", "vegetation_type": "Freshwater wetland", "hectares": 1.27, "bioregion": "Gippsland Plain", "bcs": "E", "bcs_desc": "Endangered" }, "geometry": { "type": "Polygon", "coordinates": [ [ [ 144.965591, -37.820141 ], [ 144.965371, -37.820642 ], [ 144.964857, -37.820996 ], [ 144.964145, -37.820849 ], [ 144.963584, -37.820371 ], [ 144.965073, -37.820002 ], [ 144.965559, -37.819951 ], [ 144.965591, -37.820141 ] ] ] } },
{ "type": "Feature", "properties": { "patch_id": "evc636_patch1", "evc_number": 636, "evc_name": "Brackish Lake Aggregate", "vegetation_type": "Coastal marshlands and brackish flats", "hectares": 89.2, "bioregion": "Gippsland Plain", "bcs": "R", "bcs_desc": "Rare" }, "geometry": { "type": "Polygon", "coordinates": [ [ [ 144.936392, -37.800832 ], [ 144.936753, -37.801835 ], [ 144.936941, -37.803225 ], [ 144.936572, -37.804928 ], [ 144.935495, -37.806615 ], [ 144.934853, -37.807225 ], [ 144.93438, -37.807396 ], [ 144.934347, -37.807562 ], [ 144.936145, -37.811732 ], [ 144.93596, -37.812279 ], [ 144.935432, -37.81261 ], [ 144.931883, -37.812612 ], [ 144.929458, -37.811776 ], [ 144.925078, -37.80941 ], [ 144.923809, -37.808217 ], [ 144.922701, -37.806969 ], [ 144.922522, -37.806565 ], [ 144.922697, -37.806155 ], [ 144.923904, -37.805501 ], [ 144.924921, -37.804587 ], [ 144.925797, -37.804198 ], [ 144.927162, -37.804206 ], [ 144.927881, -37.804399 ], [ 144.929352, -37.805222 ], [ 144.930666, -37.805636 ], [ 144.931866, -37.805315 ], [ 144.932684, -37.804558 ], [ 144.933317, -37.802343 ], [ 144.933766, -37.801581 ], [ 144.934637, -37.801117 ], [ 144.93554, -37.801107 ], [ 144.936089, -37.800799 ], [ 144.936392, -37.800832 ] ] ] } },
{ "type": "Feature", "properties": { "patch_id": "evc641_patch1", "evc_number": 641, "evc_name": "Riparian Woodland", "vegetation_type": "River banks and creeklines", "hectares": 31.85, "bioregion": "Gippsland Plain", "bcs": "E", "bcs_desc": "Endangered" }, "geometry": { "type": "Polygon", "coordinates": [ [ [ 144.992501423000022, -37.833311504 ], [ 144.994344417, -37.833604207 ], [ 144.996704773, -37.834338365 ], [ 145.000958389, -37.83352772 ], [ 145.002224386000023, -37.833855606 ], [ 145.002968836, -37.834395456 ], [ 145.003458659000017, -37.834520785 ], [ 145.004186388000022, -37.834163597 ], [ 145.004262641, -37.833484544 ], [ 145.003803584, -37.831679023 ], [ 145.004317983035918, -37.831251632920498 ], [ 145.004564, -37.831775 ], [ 145.005274, -37.832403 ], [ 145.005111, -37.832673 ], [ 145.005416, -37.83419 ], [ 145.004673, -37.835041 ], [ 145.003524, -37.835584 ], [ 145.002568, -37.835334 ], [ 145.001617, -37.834442 ], [ 145.000669, -37.833986 ], [ 144.997235, -37.834551 ], [ 144.996367, -37.834551 ], [ 144.994801, -37.834031 ], [ 144.991741, -37.833399 ], [ 144.990904, -37.832987 ], [ 144.987461, -37.829891 ], [ 144.98657, -37.828916 ], [ 144.986152, -37.827815 ], [ 144.985734, -37.827385 ], [ 144.985037, -37.827187 ], [ 144.984326, -37.827303 ], [ 144.982289, -37.82825 ], [ 144.981712, -37.828168 ], [ 144.980639, -37.827643 ], [ 144.98017, -37.827253 ], [ 144.97971, -37.826381 ], [ 144.978299, -37.824739 ], [ 144.976061, -37.822496 ], [ 144.974557, -37.820739 ], [ 144.973219, -37.819746 ], [ 144.97142, -37.819332 ], [ 144.968126, -37.819551 ], [ 144.964841, -37.820044 ], [ 144.964377, -37.81943 ], [ 144.966468, -37.819001 ], [ 144.97162, -37.818784 ], [ 144.972759, -37.818915 ], [ 144.973971, -37.81939 ], [ 144.975918, -37.820998 ], [ 144.976275, -37.821588 ], [ 144.981391, -37.827275 ], [ 144.98175, -37.827412 ], [ 144.982408, -37.827375 ], [ 144.983678, -37.826819 ], [ 144.985088, -37.826437 ], [ 144.98623, -37.826802 ], [ 144.986829, -37.827228 ], [ 144.988018173820564, -37.829125987778909 ], [ 144.98792516200001, -37.829617415 ], [ 144.989610402000011, -37.831193971 ], [ 144.990917326000016, -37.832900031 ], [ 144.991485642000015, -37.833186043 ], [ 144.992501423000022, -37.833311504 ] ] ] } },
{ "type": "Feature", "properties": { "patch_id": "evc656_patch1", "evc_number": 656, "evc_name": "Brackish Wetland", "vegetation_type": "Coastal marshlands and brackish flats", "hectares": 71.01, "bioregion": "Gippsland Plain", "bcs": "E", "bcs_desc": "Endangered" }, "geometry": { "type": "Polygon", "coordinates": [ [ [ 144.965322, -37.830229 ], [ 144.96417, -37.828957 ], [ 144.963253, -37.828577 ], [ 144.961222, -37.828193 ], [ 144.960212, -37.827726 ], [ 144.959547, -37.827023 ], [ 144.95963, -37.826198 ], [ 144.961083, -37.824854 ], [ 144.96427, -37.822497 ], [ 144.967786, -37.820362 ], [ 144.969468, -37.820156 ], [ 144.97287, -37.820177 ], [ 144.973852, -37.820259 ], [ 144.974557, -37.820739 ], [ 144.975099, -37.821434 ], [ 144.973417, -37.820993 ], [ 144.971356, -37.821034 ], [ 144.970452, -37.821388 ], [ 144.969674, -37.8223 ], [ 144.969222, -37.823492 ], [ 144.969641, -37.826312 ], [ 144.969053, -37.828471 ], [ 144.969915455006344, -37.83030285985587 ], [ 144.966992139025933, -37.831149960395649 ], [ 144.965322, -37.830229 ] ] ] } },
{ "type": "Feature", "properties": { "patch_id": "evc656_patch2", "evc_number": 656, "evc_name": "Brackish Wetland", "vegetation_type": "Coastal marshlands and brackish flats", "hectares": 15.22, "bioregion": "Gippsland Plain", "bcs": "E", "bcs_desc": "Endangered" }, "geometry": { "type": "Polygon", "coordinates": [ [ [ 144.909549, -37.806858 ], [ 144.910616, -37.806655 ], [ 144.911501, -37.805819 ], [ 144.912025, -37.80566 ], [ 144.912726, -37.805665 ], [ 144.913249, -37.805867 ], [ 144.9139, -37.806541 ], [ 144.915525, -37.806598 ], [ 144.91586, -37.80681 ], [ 144.916914, -37.809536 ], [ 144.91448, -37.808108 ], [ 144.913813, -37.807876 ], [ 144.911477, -37.807625 ], [ 144.910681, -37.807636 ], [ 144.908317, -37.808337 ], [ 144.906849, -37.809359 ], [ 144.907157, -37.808159 ], [ 144.908311, -37.805492 ], [ 144.908812, -37.806532 ], [ 144.909549, -37.806858 ] ] ] } },
{ "type": "Feature", "properties": { "patch_id": "evc656_patch3", "evc_number": 656, "evc_name": "Brackish Wetland", "vegetation_type": "Coastal marshlands and brackish flats", "hectares": 12.89, "bioregion": "Gippsland Plain", "bcs": "E", "bcs_desc": "Endangered" }, "geometry": { "type": "Polygon", "coordinates": [ [ [ 144.931512, -37.824684 ], [ 144.932437, -37.825053 ], [ 144.933344, -37.82592 ], [ 144.934373, -37.827798 ], [ 144.936418, -37.829559 ], [ 144.936715, -37.829879 ], [ 144.936607, -37.830187 ], [ 144.93596, -37.830332 ], [ 144.934803, -37.830023 ], [ 144.933057, -37.829144 ], [ 144.932382, -37.828578 ], [ 144.9312, -37.827076 ], [ 144.930923, -37.826189 ], [ 144.930999, -37.824986 ], [ 144.931512, -37.824684 ] ] ] } },
{ "type": "Feature", "properties": { "patch_id": "evc656_patch4", "evc_number": 656, "evc_name": "Brackish Wetland", "vegetation_type": "Coastal marshlands and brackish flats", "hectares": 12.3, "bioregion": "Gippsland Plain", "bcs": "E", "bcs_desc": "Endangered" }, "geometry": { "type": "Polygon", "coordinates": [ [ [ 144.917536, -37.825302 ], [ 144.919853, -37.826144 ], [ 144.92221, -37.826476 ], [ 144.923311, -37.827065 ], [ 144.924339, -37.827998 ], [ 144.92551, -37.828703 ], [ 144.928693, -37.829998 ], [ 144.929195, -37.830516 ], [ 144.928918, -37.830615 ], [ 144.928105, -37.83042 ], [ 144.925127, -37.829362 ], [ 144.924148, -37.828838 ], [ 144.922517, -37.828355 ], [ 144.920208, -37.827095 ], [ 144.916859, -37.825808 ], [ 144.915624, -37.825091 ], [ 144.915434, -37.824841 ], [ 144.915553, -37.824677 ], [ 144.915763, -37.824703 ], [ 144.917536, -37.825302 ] ] ] } },
{ "type": "Feature", "properties": { "patch_id": "evc656_patch5", "evc_number": 656, "evc_name": "Brackish Wetland", "vegetation_type": "Coastal marshlands and brackish flats", "hectares": 8.68, "bioregion": "Gippsland Plain", "bcs": "E", "bcs_desc": "Endangered" }, "geometry": { "type": "Polygon", "coordinates": [ [ [ 144.970364, -37.836727 ], [ 144.971734, -37.836563 ], [ 144.97207, -37.83674 ], [ 144.972308, -37.837104 ], [ 144.972426, -37.838413 ], [ 144.971751274067884, -37.841165980807595 ], [ 144.971399988, -37.839735985 ], [ 144.970907866, -37.839084915 ], [ 144.970077770000017, -37.838648916 ], [ 144.968594004000011, -37.838400983 ], [ 144.967900874173381, -37.837871703545645 ], [ 144.970364, -37.836727 ] ] ] } },
{ "type": "Feature", "properties": { "patch_id": "evc656_patch6", "evc_number": 656, "evc_name": "Brackish Wetland", "vegetation_type": "Coastal marshlands and brackish flats", "hectares": 8.37, "bioregion": "Gippsland Plain", "bcs": "E", "bcs_desc": "Endangered" }, "geometry": { "type": "Polygon", "coordinates": [ [ [ 144.922323, -37.823617 ], [ 144.928089, -37.827484 ], [ 144.928849, -37.828137 ], [ 144.92868, -37.828261 ], [ 144.928161, -37.828179 ], [ 144.926795, -37.827454 ], [ 144.921849, -37.82447 ], [ 144.919454, -37.823203 ], [ 144.919099, -37.822911 ], [ 144.91907, -37.822589 ], [ 144.919817, -37.82248 ], [ 144.922323, -37.823617 ] ] ] } },
{ "type": "Feature", "properties": { "patch_id": "evc656_patch7", "evc_number": 656, "evc_name": "Brackish Wetland", "vegetation_type": "Coastal marshlands and brackish flats", "hectares": 7.16, "bioregion": "Gippsland Plain", "bcs": "E", "bcs_desc": "Endangered" }, "geometry": { "type": "Polygon", "coordinates": [ [ [ 144.971909, -37.843709 ], [ 144.972144, -37.84424 ], [ 144.972146, -37.84518 ], [ 144.972499, -37.846263 ], [ 144.973773, -37.847279 ], [ 144.974421058836072, -37.848103033452666 ], [ 144.973583166, -37.848090269 ], [ 144.972977812000011, -37.847883542 ], [ 144.971642769, -37.846927606 ], [ 144.97094339, -37.846059681 ], [ 144.970642139, -37.845225569 ], [ 144.970628014, -37.844356506 ], [ 144.971005813, -37.842786424 ], [ 144.971551614738047, -37.842125030813037 ], [ 144.971458, -37.843147 ], [ 144.971909, -37.843709 ] ] ] } },
{ "type": "Feature", "properties": { "patch_id": "evc656_patch8", "evc_number": 656, "evc_name": "Brackish Wetland", "vegetation_type": "Coastal marshlands and brackish flats", "hectares": 6.93, "bioregion": "Gippsland Plain", "bcs": "E", "bcs_desc": "Endangered" }, "geometry": { "type": "Polygon", "coordinates": [ [ [ 144.923593, -37.821709 ], [ 144.924705, -37.821794 ], [ 144.924911, -37.82194 ], [ 144.927593, -37.824989 ], [ 144.928029, -37.82558 ], [ 144.927936, -37.825871 ], [ 144.927644, -37.825999 ], [ 144.92688, -37.825535 ], [ 144.925324, -37.823941 ], [ 144.922327, -37.822098 ], [ 144.922225, -37.821804 ], [ 144.922309, -37.82157 ], [ 144.922519, -37.821544 ], [ 144.923593, -37.821709 ] ] ] } },
{ "type": "Feature", "properties": { "patch_id": "evc656_patch9", "evc_number": 656, "evc_name": "Brackish Wetland", "vegetation_type": "Coastal marshlands and brackish flats", "hectares": 5.83, "bioregion": "Gippsland Plain", "bcs": "E", "bcs_desc": "Endangered" }, "geometry": { "type": "Polygon", "coordinates": [ [ [ 144.91241, -37.814259 ], [ 144.913625, -37.813255 ], [ 144.914072, -37.813279 ], [ 144.9146, -37.813625 ], [ 144.916294, -37.813173 ], [ 144.916489, -37.813164 ], [ 144.916642, -37.813436 ], [ 144.916449, -37.813702 ], [ 144.911589, -37.815789 ], [ 144.910437, -37.81591 ], [ 144.910283, -37.815696 ], [ 144.91058, -37.815316 ], [ 144.911434, -37.814955 ], [ 144.91241, -37.814259 ] ] ] } },
{ "type": "Feature", "properties": { "patch_id": "evc656_patch10", "evc_number": 656, "evc_name": "Brackish Wetland", "vegetation_type": "Coastal marshlands and brackish flats", "hectares": 4.47, "bioregion": "Gippsland Plain", "bcs": "E", "bcs_desc": "Endangered" }, "geometry": { "type": "Polygon", "coordinates": [ [ [ 144.936063, -37.786732 ], [ 144.93695, -37.78683 ], [ 144.938426, -37.786054 ], [ 144.93875, -37.786116 ], [ 144.939003, -37.786429 ], [ 144.938966, -37.786813 ], [ 144.938671, -37.787101 ], [ 144.937828, -37.787679 ], [ 144.936953, -37.788023 ], [ 144.935899, -37.787997 ], [ 144.935348, -37.787731 ], [ 144.934953, -37.787261 ], [ 144.935201, -37.786835 ], [ 144.936063, -37.786732 ] ] ] } },
{ "type": "Feature", "properties": { "patch_id": "evc656_patch11", "evc_number": 656, "evc_name": "Brackish Wetland", "vegetation_type": "Coastal marshlands and brackish flats", "hectares": 4.19, "bioregion": "Gippsland Plain", "bcs": "E", "bcs_desc": "Endangered" }, "geometry": { "type": "Polygon", "coordinates": [ [ [ 144.907714, -37.832033 ], [ 144.909969, -37.832077 ], [ 144.910788, -37.832307 ], [ 144.910921, -37.832527 ], [ 144.910552, -37.832877 ], [ 144.908292, -37.833028 ], [ 144.906334, -37.832965 ], [ 144.906004, -37.832817 ], [ 144.905866, -37.832551 ], [ 144.906162, -37.83224 ], [ 144.907714, -37.832033 ] ] ] } },
{ "type": "Feature", "properties": { "patch_id": "evc656_patch12", "evc_number": 656, "evc_name": "Brackish Wetland", "vegetation_type": "Coastal marshlands and brackish flats", "hectares": 4.06, "bioregion": "Gippsland Plain", "bcs": "E", "bcs_desc": "Endangered" }, "geometry": { "type": "Polygon", "coordinates": [ [ [ 144.927544, -37.821797 ], [ 144.9286, -37.822804 ], [ 144.929261, -37.824011 ], [ 144.929262, -37.824648 ], [ 144.927358, -37.823428 ], [ 144.926286, -37.822502 ], [ 144.925992, -37.822051 ], [ 144.926068, -37.821897 ], [ 144.926671, -37.821757 ], [ 144.927544, -37.821797 ] ] ] } },
{ "type": "Feature", "properties": { "patch_id": "evc656_patch13", "evc_number": 656, "evc_name": "Brackish Wetland", "vegetation_type": "Coastal marshlands and brackish flats", "hectares": 2.82, "bioregion": "Gippsland Plain", "bcs": "E", "bcs_desc": "Endangered" }, "geometry": { "type": "Polygon", "coordinates": [ [ [ 144.913759, -37.821738 ], [ 144.915672, -37.822534 ], [ 144.916684, -37.823237 ], [ 144.916039, -37.823302 ], [ 144.914207, -37.822748 ], [ 144.912926, -37.822162 ], [ 144.912441, -37.821845 ], [ 144.91231, -37.821534 ], [ 144.912379, -37.821351 ], [ 144.912699, -37.821287 ], [ 144.913759, -37.821738 ] ] ] } },
{ "type": "Feature", "properties": { "patch_id": "evc656_patch14", "evc_number": 656, "evc_name": "Brackish Wetland", "vegetation_type": "Coastal marshlands and brackish flats", "hectares": 2.51, "bioregion": "Gippsland Plain", "bcs": "E", "bcs_desc": "Endangered" }, "geometry": { "type": "Polygon", "coordinates": [ [ [ 144.91887, -37.821107 ], [ 144.918092, -37.820981 ], [ 144.916977, -37.820397 ], [ 144.916841, -37.819994 ], [ 144.916992, -37.819377 ], [ 144.917168, -37.819271 ], [ 144.917662, -37.819461 ], [ 144.919588, -37.821009 ], [ 144.919462, -37.821179 ], [ 144.91887, -37.821107 ] ] ] } },
{ "type": "Feature", "properties": { "patch_id": "evc656_patch15", "evc_number": 656, "evc_name": "Brackish Wetland", "vegetation_type": "Coastal marshlands and brackish flats", "hectares": 1.95, "bioregion": "Gippsland Plain", "bcs": "E", "bcs_desc": "Endangered" }, "geometry": { "type": "Polygon", "coordinates": [ [ [ 144.919684, -37.818855 ], [ 144.920457, -37.819583 ], [ 144.920683, -37.820497 ], [ 144.919976, -37.820407 ], [ 144.918737, -37.819215 ], [ 144.919124, -37.81871 ], [ 144.919684, -37.818855 ] ] ] } },
{ "type": "Feature", "properties": { "patch_id": "evc656_patch16", "evc_number": 656, "evc_name": "Brackish Wetland", "vegetation_type": "Coastal marshlands and brackish flats", "hectares": 1.52, "bioregion": "Gippsland Plain", "bcs": "E", "bcs_desc": "Endangered" }, "geometry": { "type": "Polygon", "coordinates": [ [ [ 144.915125, -37.833391 ], [ 144.914881, -37.833651 ], [ 144.914072, -37.833628 ], [ 144.912929, -37.833302 ], [ 144.912642, -37.832867 ], [ 144.913007, -37.832695 ], [ 144.913737, -37.832734 ], [ 144.915125, -37.833391 ] ] ] } },
{ "type": "Feature", "properties": { "patch_id": "evc892_patch1", "evc_number": 892, "evc_name": "Heathy Woodland/Sand Heathland Mosaic", "vegetation_type": "River banks and creeklines", "hectares": 188.23, "bioregion": "Gippsland Plain", "bcs": "LC", "bcs_desc": "Least Concern" }, "geometry": { "type": "Polygon", "coordinates": [ [ [ 144.914828, -37.836076 ], [ 144.91656, -37.835912 ], [ 144.918293, -37.835392 ], [ 144.918531, -37.835092 ], [ 144.918512, -37.834289 ], [ 144.916688, -37.831717 ], [ 144.91667, -37.8312 ], [ 144.91702, -37.830735 ], [ 144.917978, -37.830233 ], [ 144.918858, -37.83 ], [ 144.920595, -37.82995 ], [ 144.922457, -37.830121 ], [ 144.926997, -37.831499 ], [ 144.932682, -37.832797 ], [ 144.93378, -37.833185 ], [ 144.934751, -37.833767 ], [ 144.936968, -37.835639 ], [ 144.938898, -37.835982 ], [ 144.941625, -37.837672 ], [ 144.941683, -37.837988 ], [ 144.942866, -37.83847 ], [ 144.943815, -37.839418 ], [ 144.944001, -37.83985 ], [ 144.94373, -37.840707 ], [ 144.942912, -37.841733 ], [ 144.941173, -37.842883 ], [ 144.940588, -37.843719 ], [ 144.934447, -37.840866 ], [ 144.931754, -37.83999 ], [ 144.925766, -37.838614 ], [ 144.92457, -37.838384 ], [ 144.922699, -37.838323 ], [ 144.91942, -37.838453 ], [ 144.915817, -37.838819 ], [ 144.915295, -37.838571 ], [ 144.914914, -37.837814 ], [ 144.91493, -37.836375 ], [ 144.914467, -37.836065 ], [ 144.914828, -37.836076 ] ] ] } },
{ "type": "Feature", "properties": { "patch_id": "evc892_patch2", "evc_number": 892, "evc_name": "Heathy Woodland/Sand Heathland Mosaic", "vegetation_type": "River banks and creeklines", "hectares": 6.7, "bioregion": "Gippsland Plain", "bcs": "LC", "bcs_desc": "Least Concern" }, "geometry": { "type": "Polygon", "coordinates": [ [ [ 144.942276, -37.844435 ], [ 144.941645, -37.84418 ], [ 144.94312, -37.842842 ], [ 144.944273, -37.842033 ], [ 144.944927, -37.841859 ], [ 144.945956599859244, -37.842118790657068 ], [ 144.945572723, -37.843047227 ], [ 144.94369097014544, -37.845076508299485 ], [ 144.942276, -37.844435 ] ] ] } },
{ "type": "Feature", "properties": { "patch_id": "evc895_patch1", "evc_number": 895, "evc_name": "Escarpment Shrubland", "vegetation_type": "Cliffs and escarpments", "hectares": 25.05, "bioregion": "Gippsland Plain", "bcs": "E", "bcs_desc": "Endangered" }, "geometry": { "type": "Polygon", "coordinates": [ [ [ 144.948843, -37.818689 ], [ 144.950063, -37.820443 ], [ 144.950546, -37.820891 ], [ 144.952293, -37.821455 ], [ 144.951505, -37.821695 ], [ 144.950897, -37.821693 ], [ 144.95036, -37.821467 ], [ 144.949005, -37.819895 ], [ 144.948326, -37.818522 ], [ 144.948351, -37.818006 ], [ 144.949429, -37.817304 ], [ 144.949542, -37.817059 ], [ 144.947105, -37.812669 ], [ 144.946729, -37.812343 ], [ 144.945774, -37.812026 ], [ 144.945056, -37.811471 ], [ 144.944272, -37.81024 ], [ 144.943749, -37.809029 ], [ 144.943402, -37.808685 ], [ 144.942025, -37.80815 ], [ 144.940515, -37.807115 ], [ 144.939947, -37.806299 ], [ 144.939137, -37.804281 ], [ 144.939016, -37.800118 ], [ 144.938562, -37.796666 ], [ 144.938615, -37.795177 ], [ 144.937582, -37.793133 ], [ 144.937684, -37.792378 ], [ 144.937844, -37.791687 ], [ 144.93917, -37.789796 ], [ 144.939488, -37.788769 ], [ 144.939541, -37.787646 ], [ 144.939819, -37.787163 ], [ 144.940313, -37.787009 ], [ 144.940558, -37.786732 ], [ 144.940478, -37.786375 ], [ 144.94067, -37.785868 ], [ 144.941225, -37.785256 ], [ 144.942984, -37.782007 ], [ 144.94347, -37.781922 ], [ 144.942598, -37.783882 ], [ 144.941674, -37.785188 ], [ 144.940941, -37.786725 ], [ 144.940243, -37.787604 ], [ 144.940164, -37.789621 ], [ 144.938437, -37.791666 ], [ 144.938268, -37.79214 ], [ 144.938298, -37.793441 ], [ 144.939181, -37.795397 ], [ 144.939183, -37.798011 ], [ 144.939554, -37.80063 ], [ 144.93948, -37.80209 ], [ 144.939936, -37.804418 ], [ 144.941169, -37.806585 ], [ 144.941998, -37.80737 ], [ 144.943683, -37.808374 ], [ 144.944307, -37.809288 ], [ 144.944399, -37.809702 ], [ 144.945418, -37.811104 ], [ 144.94733, -37.812265 ], [ 144.949397, -37.815728 ], [ 144.950044, -37.816894 ], [ 144.950009, -37.817203 ], [ 144.94884, -37.818116 ], [ 144.948843, -37.818689 ] ] ] } },
{ "type": "Feature", "properties": { "patch_id": "evc895_patch2", "evc_number": 895, "evc_name": "Escarpment Shrubland", "vegetation_type": "Cliffs and escarpments", "hectares": 3.18, "bioregion": "Gippsland Plain", "bcs": "E", "bcs_desc": "Endangered" }, "geometry": { "type": "Polygon", "coordinates": [ [ [ 144.9426, -37.777634 ], [ 144.943504, -37.780679 ], [ 144.943536, -37.781224 ], [ 144.943266, -37.781312 ], [ 144.943013, -37.781331 ], [ 144.942879, -37.78016 ], [ 144.941939, -37.777447 ], [ 144.940479851111718, -37.775660222934341 ], [ 144.9414931316295, -37.775782622638694 ], [ 144.9426, -37.777634 ] ] ] } },
{ "type": "Feature", "properties": { "patch_id": "evc897_patch1", "evc_number": 897, "evc_name": "Plains Grassland/Plains Grassy Woodland Mosaic", "vegetation_type": "River banks and creeklines", "hectares": 335.69, "bioregion": "Victorian Volcanic Plain", "bcs": "E", "bcs_desc": "Endangered" }, "geometry": { "type": "Polygon", "coordinates": [ [ [ 144.944623, -37.791964 ], [ 144.946339, -37.792515 ], [ 144.948719, -37.794417 ], [ 144.950142, -37.795818 ], [ 144.950804, -37.797008 ], [ 144.951013, -37.799063 ], [ 144.95129, -37.799669 ], [ 144.95248, -37.800454 ], [ 144.955963, -37.80186 ], [ 144.95708, -37.803062 ], [ 144.959404, -37.808024 ], [ 144.960239, -37.81093 ], [ 144.960846, -37.812354 ], [ 144.962624, -37.814758 ], [ 144.963358, -37.81698 ], [ 144.963625, -37.817379 ], [ 144.96433, -37.817876 ], [ 144.964933, -37.818074 ], [ 144.964274, -37.818833 ], [ 144.958768, -37.819303 ], [ 144.957387, -37.819726 ], [ 144.955588, -37.820717 ], [ 144.953795, -37.821453 ], [ 144.952363, -37.821473 ], [ 144.951032, -37.821133 ], [ 144.950546, -37.820891 ], [ 144.949599, -37.819829 ], [ 144.948843, -37.818689 ], [ 144.948799, -37.818356 ], [ 144.94884, -37.818116 ], [ 144.949277, -37.817658 ], [ 144.950009, -37.817203 ], [ 144.950044, -37.816894 ], [ 144.949397, -37.815728 ], [ 144.94733, -37.812265 ], [ 144.945418, -37.811104 ], [ 144.944399, -37.809702 ], [ 144.944307, -37.809288 ], [ 144.943683, -37.808374 ], [ 144.941998, -37.80737 ], [ 144.941169, -37.806585 ], [ 144.939936, -37.804418 ], [ 144.93948, -37.80209 ], [ 144.939554, -37.80063 ], [ 144.939183, -37.798011 ], [ 144.939181, -37.795397 ], [ 144.938298, -37.793441 ], [ 144.938219, -37.792706 ], [ 144.938437, -37.791666 ], [ 144.940164, -37.789621 ], [ 144.940139, -37.788044 ], [ 144.940243, -37.787604 ], [ 144.940741, -37.786958 ], [ 144.94099, -37.78711 ], [ 144.941515, -37.788247 ], [ 144.942256, -37.789082 ], [ 144.943496, -37.791289 ], [ 144.944106, -37.791831 ], [ 144.944623, -37.791964 ] ], [ [ 144.95247, -37.809516 ], [ 144.953303, -37.810806 ], [ 144.953918, -37.811124 ], [ 144.954583, -37.811104 ], [ 144.955086, -37.810894 ], [ 144.955447, -37.810577 ], [ 144.955749, -37.80998 ], [ 144.955787, -37.809206 ], [ 144.955611, -37.808648 ], [ 144.954333, -37.806492 ], [ 144.9543, -37.806022 ], [ 144.954476, -37.805537 ], [ 144.955118, -37.804904 ], [ 144.955394, -37.80418 ], [ 144.955194, -37.803695 ], [ 144.954689, -37.803333 ], [ 144.953987, -37.803042 ], [ 144.953409, -37.803012 ], [ 144.951824, -37.80346 ], [ 144.951306, -37.803344 ], [ 144.949251, -37.802117 ], [ 144.948669, -37.801926 ], [ 144.948098, -37.801946 ], [ 144.947993, -37.802105 ], [ 144.948173, -37.803168 ], [ 144.947949, -37.803503 ], [ 144.947433, -37.803668 ], [ 144.945767, -37.802797 ], [ 144.944983, -37.80262 ], [ 144.944019, -37.802733 ], [ 144.943442, -37.803057 ], [ 144.943208, -37.803518 ], [ 144.943215, -37.804195 ], [ 144.94369, -37.804969 ], [ 144.945089, -37.805447 ], [ 144.946972, -37.805284 ], [ 144.948357, -37.805395 ], [ 144.949933, -37.80607 ], [ 144.951797, -37.808188 ], [ 144.95247, -37.809516 ] ], [ [ 144.948707, -37.797398 ], [ 144.949155, -37.797398 ], [ 144.949709, -37.796838 ], [ 144.949803, -37.796513 ], [ 144.949617, -37.79604 ], [ 144.948974, -37.795716 ], [ 144.948553, -37.795808 ], [ 144.948162, -37.796152 ], [ 144.948075, -37.796518 ], [ 144.948138, -37.796989 ], [ 144.948707, -37.797398 ] ], [ [ 144.94676, -37.794881 ], [ 144.946531, -37.79443 ], [ 144.945975, -37.794165 ], [ 144.945169, -37.794215 ], [ 144.944842, -37.794401 ], [ 144.944582, -37.795098 ], [ 144.944887, -37.795678 ], [ 144.946085, -37.796018 ], [ 144.946663, -37.795454 ], [ 144.94676, -37.794881 ] ], [ [ 144.958501, -37.812471 ], [ 144.95746, -37.812474 ], [ 144.956994, -37.812634 ], [ 144.956279, -37.813306 ], [ 144.956351, -37.813668 ], [ 144.957138, -37.814384 ], [ 144.95948, -37.815064 ], [ 144.960432, -37.814842 ], [ 144.960844, -37.814515 ], [ 144.961098, -37.813745 ], [ 144.960678, -37.81312 ], [ 144.959574, -37.812675 ], [ 144.958501, -37.812471 ] ] ] } },
{ "type": "Feature", "properties": { "patch_id": "evc914_patch1", "evc_number": 914, "evc_name": "Estuarine Flats Grassland", "vegetation_type": "Coastal marshlands and brackish flats", "hectares": 42.09, "bioregion": "Gippsland Plain", "bcs": "E", "bcs_desc": "Endangered" }, "geometry": { "type": "Polygon", "coordinates": [ [ [ 144.915362, -37.840802 ], [ 144.913008, -37.840957 ], [ 144.914068, -37.840124 ], [ 144.914415, -37.83947 ], [ 144.914306, -37.838814 ], [ 144.913955, -37.838305 ], [ 144.912706, -37.837581 ], [ 144.9111, -37.837587 ], [ 144.910514, -37.837905 ], [ 144.910269, -37.838532 ], [ 144.910298, -37.838876 ], [ 144.910607, -37.839305 ], [ 144.908754, -37.83937 ], [ 144.905806, -37.838581 ], [ 144.902064, -37.838034 ], [ 144.901456, -37.837755 ], [ 144.901282, -37.837437 ], [ 144.901615, -37.836737 ], [ 144.902005, -37.836433 ], [ 144.905431, -37.834884 ], [ 144.906436, -37.834583 ], [ 144.910526, -37.835715 ], [ 144.914251, -37.836004 ], [ 144.91493, -37.836375 ], [ 144.914866, -37.837653 ], [ 144.915037, -37.83812 ], [ 144.91659, -37.840201 ], [ 144.915362, -37.840802 ] ] ] } },
{ "type": "Feature", "properties": { "patch_id": "evc921_patch1", "evc_number": 921, "evc_name": "Coast Banksia Woodland/Coastal Dune Scrub Mosaic", "vegetation_type": "Beach and Dunes", "hectares": 32.58, "bioregion": "Gippsland Plain", "bcs": "V", "bcs_desc": "Vulnerable" }, "geometry": { "type": "Polygon", "coordinates": [ [ [ 144.91659, -37.840201 ], [ 144.915452, -37.838676 ], [ 144.916323, -37.838861 ], [ 144.91942, -37.838453 ], [ 144.922699, -37.838323 ], [ 144.92457, -37.838384 ], [ 144.925766, -37.838614 ], [ 144.931754, -37.83999 ], [ 144.935902, -37.841466 ], [ 144.939243, -37.843188 ], [ 144.940588, -37.843719 ], [ 144.94043, -37.84497 ], [ 144.939579093237455, -37.844882123118389 ], [ 144.939453428, -37.84461535 ], [ 144.937316, -37.843648 ], [ 144.936991716000023, -37.843282727 ], [ 144.931654524113441, -37.841278135400444 ], [ 144.931626679, -37.841117067 ], [ 144.92752052900002, -37.840208448 ], [ 144.927487681256821, -37.840307010249859 ], [ 144.922688, -37.839813 ], [ 144.920729, -37.839762 ], [ 144.917894784, -37.839885512 ], [ 144.91659, -37.840201 ] ] ] } },
{ "type": "Feature", "properties": { "patch_id": "evc921_patch2", "evc_number": 921, "evc_name": "Coast Banksia Woodland/Coastal Dune Scrub Mosaic", "vegetation_type": "Beach and Dunes", "hectares": 3.14, "bioregion": "Gippsland Plain", "bcs": "V", "bcs_desc": "Vulnerable" }, "geometry": { "type": "Polygon", "coordinates": [ [ [ 144.94061, -37.845203 ], [ 144.940514, -37.844966 ], [ 144.940922, -37.844806 ], [ 144.941645, -37.84418 ], [ 144.94369097014544, -37.845076508299485 ], [ 144.942775214949734, -37.846070283365997 ], [ 144.940863535248639, -37.845421337070675 ], [ 144.94061, -37.845203 ] ] ] } },
{ "type": "Feature", "properties": { "patch_id": "evc934_patch1", "evc_number": 934, "evc_name": "Brackish Grassland", "vegetation_type": "Coastal marshlands and brackish flats", "hectares": 304.32, "bioregion": "Victorian Volcanic Plain", "bcs": "E", "bcs_desc": "Endangered" }, "geometry": { "type": "Polygon", "coordinates": [ [ [ 144.924477, -37.795988 ], [ 144.925559, -37.796416 ], [ 144.925732, -37.796745 ], [ 144.925891, -37.797103 ], [ 144.926068, -37.799278 ], [ 144.926242, -37.799624 ], [ 144.927405, -37.800317 ], [ 144.928812, -37.800744 ], [ 144.929216, -37.801443 ], [ 144.929225, -37.802033 ], [ 144.929569, -37.802881 ], [ 144.930017, -37.803185 ], [ 144.930574, -37.803181 ], [ 144.931042, -37.802913 ], [ 144.932157, -37.801146 ], [ 144.933659, -37.799493 ], [ 144.934113, -37.798215 ], [ 144.93379, -37.796743 ], [ 144.931882, -37.794705 ], [ 144.931972, -37.793577 ], [ 144.932209, -37.792944 ], [ 144.933524, -37.79091 ], [ 144.933723, -37.788711 ], [ 144.934953, -37.787261 ], [ 144.935348, -37.787731 ], [ 144.935899, -37.787997 ], [ 144.936953, -37.788023 ], [ 144.937828, -37.787679 ], [ 144.938966, -37.786813 ], [ 144.939003, -37.786429 ], [ 144.93875, -37.786116 ], [ 144.938426, -37.786054 ], [ 144.93788, -37.786253 ], [ 144.93863838869953, -37.785378974104816 ], [ 144.93975060590293, -37.786790282549667 ], [ 144.937082, -37.788753 ], [ 144.936405, -37.789677 ], [ 144.935675, -37.793072 ], [ 144.935434, -37.79558 ], [ 144.935486, -37.796876 ], [ 144.9361, -37.798558 ], [ 144.935984, -37.800637 ], [ 144.935235, -37.800518 ], [ 144.934161, -37.800704 ], [ 144.932895, -37.801443 ], [ 144.932325, -37.802409 ], [ 144.931948, -37.80382 ], [ 144.931014, -37.804581 ], [ 144.93044, -37.804693 ], [ 144.92946, -37.804565 ], [ 144.928087, -37.803892 ], [ 144.926915, -37.8036 ], [ 144.925123, -37.803598 ], [ 144.924027, -37.804144 ], [ 144.922533, -37.805379 ], [ 144.921523, -37.805617 ], [ 144.920172, -37.805626 ], [ 144.918931, -37.805861 ], [ 144.918318, -37.806099 ], [ 144.917163, -37.807119 ], [ 144.915659, -37.805391 ], [ 144.914904, -37.804881 ], [ 144.912816, -37.804187 ], [ 144.910556, -37.804402 ], [ 144.910376, -37.804049 ], [ 144.911069, -37.80207 ], [ 144.911561, -37.801395 ], [ 144.912938, -37.800864 ], [ 144.915081, -37.800694 ], [ 144.91635, -37.799525 ], [ 144.916589, -37.799162 ], [ 144.91688, -37.798065 ], [ 144.916672, -37.797317 ], [ 144.916179, -37.796697 ], [ 144.9151, -37.79581 ], [ 144.913964, -37.795221 ], [ 144.91036, -37.793748 ], [ 144.908168, -37.793196 ], [ 144.904431, -37.791612 ], [ 144.903491, -37.790939 ], [ 144.903053, -37.790154 ], [ 144.902920496983825, -37.789541021145141 ], [ 144.90385041001079, -37.789067733421732 ], [ 144.905088, -37.789283 ], [ 144.906176, -37.789086 ], [ 144.907884, -37.788331 ], [ 144.909282, -37.78717 ], [ 144.910576, -37.785463 ], [ 144.911744, -37.784573 ], [ 144.914289, -37.784185 ], [ 144.916294, -37.784655 ], [ 144.917708, -37.785116 ], [ 144.919023, -37.785811 ], [ 144.919914, -37.786678 ], [ 144.920454, -37.787476 ], [ 144.920976, -37.789748 ], [ 144.92311, -37.7903 ], [ 144.923405, -37.790676 ], [ 144.923392, -37.791284 ], [ 144.923011, -37.791863 ], [ 144.920757, -37.79421 ], [ 144.920736, -37.794852 ], [ 144.920998, -37.795417 ], [ 144.921403, -37.795744 ], [ 144.922114, -37.795961 ], [ 144.924477, -37.795988 ] ] ] } },
{ "type": "Feature", "properties": { "patch_id": "evc934_patch2", "evc_number": 934, "evc_name": "Brackish Grassland", "vegetation_type": "Coastal marshlands and brackish flats", "hectares": 216.86, "bioregion": "Victorian Volcanic Plain", "bcs": "E", "bcs_desc": "Endangered" }, "geometry": { "type": "Polygon", "coordinates": [ [ [ 144.947426, -37.813207 ], [ 144.949542, -37.817059 ], [ 144.949429, -37.817304 ], [ 144.948351, -37.818006 ], [ 144.948326, -37.818522 ], [ 144.948703, -37.819473 ], [ 144.95036, -37.821467 ], [ 144.950897, -37.821693 ], [ 144.951505, -37.821695 ], [ 144.952293, -37.821455 ], [ 144.953795, -37.821453 ], [ 144.955588, -37.820717 ], [ 144.957387, -37.819726 ], [ 144.958768, -37.819303 ], [ 144.960238, -37.81917 ], [ 144.958824, -37.81983 ], [ 144.957155, -37.821166 ], [ 144.955689, -37.821776 ], [ 144.953041, -37.822559 ], [ 144.950221, -37.822554 ], [ 144.945347, -37.821622 ], [ 144.942899, -37.820785 ], [ 144.938352, -37.819764 ], [ 144.928698, -37.816219 ], [ 144.927784, -37.817049 ], [ 144.927473, -37.817056 ], [ 144.926541, -37.816653 ], [ 144.925011, -37.815548 ], [ 144.92491, -37.815203 ], [ 144.925475, -37.814122 ], [ 144.925476, -37.813738 ], [ 144.923395, -37.813703 ], [ 144.922412, -37.813391 ], [ 144.921011, -37.811955 ], [ 144.920614, -37.81129 ], [ 144.920671, -37.80995 ], [ 144.920262, -37.809503 ], [ 144.921324, -37.809867 ], [ 144.921771, -37.810579 ], [ 144.922806, -37.811161 ], [ 144.924763, -37.81159 ], [ 144.925968, -37.812031 ], [ 144.926841, -37.813482 ], [ 144.927487, -37.814001 ], [ 144.929865, -37.815026 ], [ 144.931896, -37.815398 ], [ 144.933284, -37.815406 ], [ 144.933771, -37.815281 ], [ 144.935074, -37.814164 ], [ 144.936828, -37.813925 ], [ 144.937328, -37.813559 ], [ 144.937644, -37.812607 ], [ 144.93684, -37.811667 ], [ 144.93652, -37.810774 ], [ 144.936714, -37.808088 ], [ 144.937712, -37.80672 ], [ 144.937756, -37.806354 ], [ 144.937444, -37.805387 ], [ 144.937534, -37.803181 ], [ 144.937277, -37.802031 ], [ 144.936771, -37.80113 ], [ 144.936392, -37.800832 ], [ 144.936152, -37.800216 ], [ 144.936364, -37.798378 ], [ 144.935936, -37.797117 ], [ 144.935819, -37.795132 ], [ 144.936367, -37.791454 ], [ 144.936768, -37.789918 ], [ 144.937718, -37.788738 ], [ 144.939819, -37.787163 ], [ 144.939541, -37.787646 ], [ 144.939488, -37.788769 ], [ 144.93917, -37.789796 ], [ 144.937844, -37.791687 ], [ 144.937582, -37.793133 ], [ 144.938615, -37.795177 ], [ 144.938605, -37.797343 ], [ 144.939016, -37.800118 ], [ 144.939137, -37.804281 ], [ 144.938911, -37.805384 ], [ 144.939053, -37.806527 ], [ 144.939683, -37.807493 ], [ 144.942744, -37.810728 ], [ 144.944105, -37.811636 ], [ 144.945533, -37.812143 ], [ 144.946729, -37.812343 ], [ 144.947426, -37.813207 ] ] ] } },
{ "type": "Feature", "properties": { "patch_id": "evc934_patch3", "evc_number": 934, "evc_name": "Brackish Grassland", "vegetation_type": "Coastal marshlands and brackish flats", "hectares": 20.55, "bioregion": "Victorian Volcanic Plain", "bcs": "E", "bcs_desc": "Endangered" }, "geometry": { "type": "Polygon", "coordinates": [ [ [ 144.939045, -37.776966 ], [ 144.938883, -37.777783 ], [ 144.939104, -37.778268 ], [ 144.941129, -37.778875 ], [ 144.941413, -37.779097 ], [ 144.941357, -37.779371 ], [ 144.94056, -37.77979 ], [ 144.93997, -37.780349 ], [ 144.94028, -37.781093 ], [ 144.94094, -37.781658 ], [ 144.941204, -37.78216 ], [ 144.940556, -37.783756 ], [ 144.940766, -37.78541 ], [ 144.940478, -37.786375 ], [ 144.939697, -37.784381 ], [ 144.939212, -37.781697 ], [ 144.93876, -37.780504 ], [ 144.937429, -37.778221 ], [ 144.936836, -37.776895 ], [ 144.93658, -37.775332 ], [ 144.936791110558374, -37.773883763670661 ], [ 144.938621949925022, -37.774430609889272 ], [ 144.938897, -37.774739 ], [ 144.938945078000017, -37.77547392 ], [ 144.939343193734658, -37.775522919863306 ], [ 144.939379, -37.775893 ], [ 144.939045, -37.776966 ] ] ] } },
{ "type": "Feature", "properties": { "patch_id": "evc991_patch1", "evc_number": 991, "evc_name": "Water body - salt", "vegetation_type": "Saltwater wetland", "hectares": 19.29, "bioregion": "Gippsland Plain", "bcs": "na", "bcs_desc": "not applicable" }, "geometry": { "type": "Polygon", "coordinates": [ [ [ 144.945216, -37.841903 ], [ 144.944566, -37.84186 ], [ 144.944273, -37.842033 ], [ 144.94312, -37.842842 ], [ 144.940922, -37.844806 ], [ 144.94043, -37.84497 ], [ 144.940515, -37.8439 ], [ 144.940773, -37.84333 ], [ 144.941659, -37.842477 ], [ 144.942912, -37.841733 ], [ 144.94373, -37.840707 ], [ 144.944001, -37.83985 ], [ 144.943815, -37.839418 ], [ 144.942866, -37.83847 ], [ 144.941683, -37.837988 ], [ 144.941452, -37.836632 ], [ 144.941829, -37.836586 ], [ 144.942501, -37.836922 ], [ 144.943565, -37.838239 ], [ 144.943908, -37.83845 ], [ 144.943946, -37.837677 ], [ 144.944169, -37.837072 ], [ 144.944938, -37.836258 ], [ 144.946325, -37.835308 ], [ 144.947509, -37.835079 ], [ 144.947955, -37.835188 ], [ 144.948042, -37.835511 ], [ 144.947431, -37.835703 ], [ 144.947296, -37.835942 ], [ 144.947841, -37.836121 ], [ 144.94801, -37.836353 ], [ 144.946215, -37.836752 ], [ 144.945836, -37.836913 ], [ 144.945361, -37.837473 ], [ 144.945424, -37.840261 ], [ 144.945301, -37.841291 ], [ 144.94627183617726, -37.841459759943227 ], [ 144.945956599859244, -37.842118790657068 ], [ 144.945216, -37.841903 ] ] ] } },
{ "type": "Feature", "properties": { "patch_id": "evc991_patch2", "evc_number": 991, "evc_name": "Water body - salt", "vegetation_type": "Saltwater wetland", "hectares": 17.46, "bioregion": "Gippsland Plain", "bcs": "na", "bcs_desc": "not applicable" }, "geometry": { "type": "Polygon", "coordinates": [ [ [ 144.907205, -37.840402 ], [ 144.909602, -37.840609 ], [ 144.910647, -37.840108 ], [ 144.910812, -37.839503 ], [ 144.910298, -37.838876 ], [ 144.910288, -37.838331 ], [ 144.910514, -37.837905 ], [ 144.9111, -37.837587 ], [ 144.912706, -37.837581 ], [ 144.913955, -37.838305 ], [ 144.914306, -37.838814 ], [ 144.914415, -37.83947 ], [ 144.914232, -37.839885 ], [ 144.913235, -37.840811 ], [ 144.909868, -37.841995 ], [ 144.908577, -37.842154 ], [ 144.907714, -37.84194 ], [ 144.907406, -37.841466 ], [ 144.906439135, -37.840950807 ], [ 144.906469344498134, -37.840244153252236 ], [ 144.907205, -37.840402 ] ] ] } },
{ "type": "Feature", "properties": { "patch_id": "evc991_patch3", "evc_number": 991, "evc_name": "Water body - salt", "vegetation_type": "Saltwater wetland", "hectares": 2.52, "bioregion": "Gippsland Plain", "bcs": "na", "bcs_desc": "not applicable" }, "geometry": { "type": "Polygon", "coordinates": [ [ [ 144.953246, -37.82619 ], [ 144.953646, -37.826425 ], [ 144.953735, -37.826656 ], [ 144.953597, -37.827399 ], [ 144.95235, -37.827903 ], [ 144.951868, -37.827759 ], [ 144.951749, -37.82758 ], [ 144.951826, -37.827002 ], [ 144.952177, -37.826479 ], [ 144.952682, -37.826223 ], [ 144.953246, -37.82619 ] ] ] } },
{ "type": "Feature", "properties": { "patch_id": "evc991_patch4", "evc_number": 991, "evc_name": "Water body - salt", "vegetation_type": "Saltwater wetland", "hectares": 2.31, "bioregion": "Gippsland Plain", "bcs": "na", "bcs_desc": "not applicable" }, "geometry": { "type": "Polygon", "coordinates": [ [ [ 144.951631, -37.828398 ], [ 144.954862, -37.827715 ], [ 144.954925, -37.827847 ], [ 144.954367, -37.828585 ], [ 144.953323987525636, -37.829451616228916 ], [ 144.952758675000013, -37.828224516 ], [ 144.951368105895284, -37.829077942745471 ], [ 144.951227, -37.829017 ], [ 144.951162, -37.828695 ], [ 144.951631, -37.828398 ] ] ] } },
{ "type": "Feature", "properties": { "patch_id": "evc991_patch5", "evc_number": 991, "evc_name": "Water body - salt", "vegetation_type": "Saltwater wetland", "hectares": 0.65, "bioregion": "Gippsland Plain", "bcs": "na", "bcs_desc": "not applicable" }, "geometry": { "type": "Polygon", "coordinates": [ [ [ 144.901946, -37.839815 ], [ 144.901866, -37.839504 ], [ 144.902165, -37.839382 ], [ 144.902974281364465, -37.839473306856256 ], [ 144.903242987023532, -37.840175563520852 ], [ 144.901946, -37.839815 ] ] ] } },
{ "type": "Feature", "properties": { "patch_id": "evc992_patch1", "evc_number": 992, "evc_name": "Water Body - Fresh", "vegetation_type": "Freshwater wetland", "hectares": 7.66, "bioregion": "Gippsland Plain", "bcs": "na", "bcs_desc": "not applicable" }, "geometry": { "type": "Polygon", "coordinates": [ [ [ 144.935819, -37.795132 ], [ 144.935936, -37.797117 ], [ 144.936364, -37.798378 ], [ 144.936152, -37.800216 ], [ 144.936392, -37.800832 ], [ 144.936089, -37.800799 ], [ 144.935923, -37.80043 ], [ 144.9361, -37.798558 ], [ 144.935486, -37.796876 ], [ 144.935434, -37.79558 ], [ 144.935675, -37.793072 ], [ 144.936405, -37.789677 ], [ 144.937082, -37.788753 ], [ 144.93975060590293, -37.786790282549667 ], [ 144.939944994, -37.787037759 ], [ 144.940357869, -37.78662478 ], [ 144.939336829000013, -37.783701807 ], [ 144.938923796000012, -37.781436752 ], [ 144.936916002, -37.777388118 ], [ 144.936496509000023, -37.775728337 ], [ 144.93632983, -37.77428371 ], [ 144.936572988000023, -37.77381709 ], [ 144.936791110558374, -37.773883763670661 ], [ 144.93658, -37.775332 ], [ 144.936836, -37.776895 ], [ 144.937429, -37.778221 ], [ 144.93876, -37.780504 ], [ 144.939212, -37.781697 ], [ 144.939697, -37.784381 ], [ 144.94059, -37.786583 ], [ 144.940401, -37.786947 ], [ 144.93921, -37.787561 ], [ 144.937718, -37.788738 ], [ 144.936768, -37.789918 ], [ 144.936367, -37.791454 ], [ 144.935819, -37.795132 ] ] ] } }
]
}
